Mode,Start_Time,Animal,Weight,Unit
0,2026-05-31 00:00:59.653221,121859271,24.06,1
0,2026-05-31 00:01:04.929993,121859271,11.17,2
solo,2026-05-31 00:01:05.133749,0,0
OPEN,2026-05-31 00:01:25.134527,0,0
0,2026-05-31 00:01:27.685369,121859271,23.91,2
0,2026-05-31 00:01:35.888095,121859271,-2.75,1
solo,2026-05-31 00:01:36.092213,0,0
OPEN,2026-05-31 00:01:56.092944,0,0
0,2026-05-31 00:05:46.326248,121859271,24.26,1
0,2026-05-31 00:05:49.816569,121859271,18.34,2
solo,2026-05-31 00:05:50.021047,0,0
OPEN,2026-05-31 00:06:10.021823,0,0
0,2026-05-31 00:06:17.982165,121859271,23.37,2
0,2026-05-31 00:06:22.436758,121859271,-6.82,1
solo,2026-05-31 00:06:22.640931,0,0
OPEN,2026-05-31 00:06:42.641646,0,0
0,2026-05-31 00:09:29.926728,121859271,24.05,1
0,2026-05-31 00:09:32.874673,121859271,17.39,2
solo,2026-05-31 00:09:33.078752,0,0
OPEN,2026-05-31 00:09:53.079526,0,0
0,2026-05-31 00:12:07.261838,121859271,25.03,2
0,2026-05-31 00:12:13.363857,121859271,-5.86,1
solo,2026-05-31 00:12:13.568023,0,0
OPEN,2026-05-31 00:12:33.568725,0,0
0,2026-05-31 00:16:29.017253,121859271,23.66,1
0,2026-05-31 00:16:32.627786,121859271,18.47,2
solo,2026-05-31 00:16:32.832538,0,0
OPEN,2026-05-31 00:16:52.833271,0,0
0,2026-05-31 00:18:46.936196,121859271,23.51,2
0,2026-05-31 00:18:51.843877,121859271,-6.47,1
solo,2026-05-31 00:18:52.048391,0,0
OPEN,2026-05-31 00:19:12.049124,0,0
0,2026-05-31 00:20:06.393545,121839170,24.92,1
0,2026-05-31 00:20:09.911725,121839170,1.78,2
solo,2026-05-31 00:20:10.115362,0,0
OPEN,2026-05-31 00:20:30.116092,0,0
0,2026-05-31 00:23:15.534586,121859271,23.33,1
0,2026-05-31 00:23:19.333381,121859271,20.93,2
solo,2026-05-31 00:23:19.537912,0,0
OPEN,2026-05-31 00:23:39.538521,0,0
0,2026-05-31 00:26:38.568078,121839170,24.88,2
0,2026-05-31 00:26:45.568726,121839170,-7.71,1
solo,2026-05-31 00:26:45.772796,0,0
OPEN,2026-05-31 00:27:05.773460,0,0
0,2026-05-31 00:27:14.363770,121836132,13.5,1
0,2026-05-31 00:27:18.174531,121836132,7.34,2
solo,2026-05-31 00:27:18.379760,0,0
OPEN,2026-05-31 00:27:38.380751,0,0
0,2026-05-31 00:27:39.525258,121859271,25.89,2
1,2026-05-31 00:27:40.200555,121836132,24.27,2
0,2026-05-31 00:27:43.761670,121859271,-17.83,1
sequence,2026-05-31 00:27:43.966370,0,0
1,2026-05-31 00:27:45.284175,121836132,-51.63,1
OPEN,2026-05-31 00:28:05.488600,0,0
0,2026-05-31 00:29:14.450229,12186133157,-1.59,1
0,2026-05-31 00:29:18.835366,12186133157,9.83,2
solo,2026-05-31 00:29:19.038753,0,0
OPEN,2026-05-31 00:29:39.039460,0,0
0,2026-05-31 00:31:29.559320,121859271,24.16,1
0,2026-05-31 00:31:36.258121,121859271,19.01,2
solo,2026-05-31 00:31:36.461610,0,0
OPEN,2026-05-31 00:31:56.462286,0,0
0,2026-05-31 00:32:00.165707,121859271,23.48,2
0,2026-05-31 00:32:06.590147,121859271,-9.73,1
solo,2026-05-31 00:32:06.795911,0,0
OPEN,2026-05-31 00:32:26.796550,0,0
0,2026-05-31 00:32:30.918037,12186133157,24.28,2
0,2026-05-31 00:32:34.173342,12186133157,-24.26,1
solo,2026-05-31 00:32:34.376972,0,0
OPEN,2026-05-31 00:32:54.377661,0,0
0,2026-05-31 00:36:10.160047,121859271,24.48,1
0,2026-05-31 00:36:14.640846,121859271,16.38,2
solo,2026-05-31 00:36:14.845509,0,0
OPEN,2026-05-31 00:36:34.846123,0,0
0,2026-05-31 00:37:01.677581,121859271,23.0,2
0,2026-05-31 00:37:07.402656,121859271,-11.09,1
solo,2026-05-31 00:37:07.607222,0,0
OPEN,2026-05-31 00:37:27.607833,0,0
0,2026-05-31 00:45:41.775465,12186133157,-0.25,1
0,2026-05-31 00:45:45.573330,12186133157,19.97,2
solo,2026-05-31 00:45:45.778405,0,0
OPEN,2026-05-31 00:46:05.778993,0,0
0,2026-05-31 00:46:17.074946,121859271,23.51,1
0,2026-05-31 00:46:22.139931,121859271,19.91,2
solo,2026-05-31 00:46:22.344814,0,0
OPEN,2026-05-31 00:46:42.345716,0,0
0,2026-05-31 00:46:46.788644,12186133157,24.89,2
0,2026-05-31 00:46:49.959968,12186133157,-34.02,1
solo,2026-05-31 00:46:50.164261,0,0
OPEN,2026-05-31 00:47:10.164928,0,0
0,2026-05-31 00:47:13.882267,121836132,12.78,1
0,2026-05-31 00:47:19.392456,121836132,-0.05,2
solo,2026-05-31 00:47:19.596912,0,0
OPEN,2026-05-31 00:47:39.597708,0,0
0,2026-05-31 00:51:35.111638,121859271,23.81,2
0,2026-05-31 00:51:42.225959,121859271,-16.82,1
solo,2026-05-31 00:51:42.430561,0,0
OPEN,2026-05-31 00:52:02.431204,0,0
0,2026-05-31 00:54:00.015893,121836132,22.64,2
0,2026-05-31 00:54:04.912930,121836132,-81.4,1
solo,2026-05-31 00:54:05.116940,0,0
OPEN,2026-05-31 00:54:25.117635,0,0
0,2026-05-31 02:13:19.735863,121839170,24.57,1
0,2026-05-31 02:13:23.074340,121839170,19.49,2
solo,2026-05-31 02:13:23.277724,0,0
OPEN,2026-05-31 02:13:43.278412,0,0
0,2026-05-31 02:16:27.643877,121839170,24.87,2
0,2026-05-31 02:16:32.421726,121839170,-14.68,1
solo,2026-05-31 02:16:32.626160,0,0
OPEN,2026-05-31 02:16:52.626769,0,0
0,2026-05-31 02:18:27.663990,12186133157,-20.82,1
0,2026-05-31 02:18:31.669330,12186133157,0.71,2
solo,2026-05-31 02:18:31.874002,0,0
OPEN,2026-05-31 02:18:51.874671,0,0
0,2026-05-31 02:21:00.735595,12186133157,22.68,2
0,2026-05-31 02:21:04.069579,12186133157,-86.91,1
solo,2026-05-31 02:21:04.273733,0,0
OPEN,2026-05-31 02:21:24.274501,0,0
0,2026-05-31 02:22:23.667909,121839170,24.0,1
0,2026-05-31 02:22:26.677336,121839170,14.93,2
solo,2026-05-31 02:22:26.882641,0,0
OPEN,2026-05-31 02:22:46.883290,0,0
0,2026-05-31 02:22:49.401249,1218496122,-7.71,1
0,2026-05-31 02:22:54.771810,1218496122,10.97,2
solo,2026-05-31 02:22:54.975302,0,0
OPEN,2026-05-31 02:23:14.975961,0,0
0,2026-05-31 02:23:44.070509,12186133157,-11.97,1
0,2026-05-31 02:23:48.045413,12186133157,5.02,2
solo,2026-05-31 02:23:48.249891,0,0
OPEN,2026-05-31 02:24:08.250564,0,0
0,2026-05-31 02:24:18.242610,121836132,0.6,1
0,2026-05-31 02:24:23.258998,12186133157,10.72,2
1,2026-05-31 02:24:23.690297,121836132,20.24,2
followerB,2026-05-31 02:24:23.894075,0,0
sequence,2026-05-31 02:24:24.465342,0,0
OPEN,2026-05-31 02:24:44.465953,0,0
0,2026-05-31 02:25:24.024370,12186133157,24.05,2
0,2026-05-31 02:25:28.478778,12186133157,-18.1,1
solo,2026-05-31 02:25:28.682858,0,0
OPEN,2026-05-31 02:25:48.683545,0,0
0,2026-05-31 02:25:51.196118,121839170,24.88,2
0,2026-05-31 02:25:55.255583,121839170,-14.77,1
solo,2026-05-31 02:25:55.459778,0,0
OPEN,2026-05-31 02:26:15.460528,0,0
0,2026-05-31 02:27:38.013523,121836132,19.58,2
0,2026-05-31 02:27:42.947256,121836132,-75.43,1
solo,2026-05-31 02:27:43.154789,0,0
OPEN,2026-05-31 02:28:03.155404,0,0
0,2026-05-31 02:28:45.521268,12186133157,-0.79,1
0,2026-05-31 02:28:48.324041,12186133157,20.74,2
solo,2026-05-31 02:28:48.527484,0,0
OPEN,2026-05-31 02:29:08.528076,0,0
0,2026-05-31 02:30:03.825181,1218496122,20.37,2
0,2026-05-31 02:30:08.341928,1218496122,-17.4,1
solo,2026-05-31 02:30:08.545470,0,0
OPEN,2026-05-31 02:30:28.546141,0,0
0,2026-05-31 02:30:32.374641,121839170,24.13,1
0,2026-05-31 02:30:35.614065,121839170,15.85,2
solo,2026-05-31 02:30:35.817931,0,0
OPEN,2026-05-31 02:30:55.818689,0,0
0,2026-05-31 02:32:07.575286,12186133157,24.48,2
0,2026-05-31 02:32:10.358594,12186133157,-23.58,1
solo,2026-05-31 02:32:10.563679,0,0
OPEN,2026-05-31 02:32:30.564359,0,0
0,2026-05-31 02:32:48.607008,121836132,0.45,1
1,2026-05-31 02:32:52.125698,121859271,23.83,1
0,2026-05-31 02:32:52.650786,121836132,5.22,2
sequence,2026-05-31 02:32:52.854855,0,0
1,2026-05-31 02:32:55.663969,121859271,8.67,2
followerB,2026-05-31 02:32:55.868381,0,0
OPEN,2026-05-31 02:33:15.870783,0,0
0,2026-05-31 02:33:32.611565,12186133157,-18.54,1
0,2026-05-31 02:33:38.406442,12186133157,20.0,2
solo,2026-05-31 02:33:38.610899,0,0
OPEN,2026-05-31 02:33:58.611491,0,0
0,2026-05-31 02:34:02.929951,12186133157,24.27,2
0,2026-05-31 02:34:05.745404,12186133157,-55.95,1
solo,2026-05-31 02:34:05.949772,0,0
OPEN,2026-05-31 02:34:25.950538,0,0
0,2026-05-31 02:34:28.452507,121839170,25.14,2
0,2026-05-31 02:34:32.400399,121839170,-9.39,1
solo,2026-05-31 02:34:32.604710,0,0
OPEN,2026-05-31 02:34:52.605401,0,0
0,2026-05-31 02:34:56.251746,121836132,21.62,2
0,2026-05-31 02:35:12.588045,121836132,-84.27,1
solo,2026-05-31 02:35:12.792540,0,0
OPEN,2026-05-31 02:35:32.793212,0,0
0,2026-05-31 02:35:36.371148,121859271,24.39,2
0,2026-05-31 02:35:43.339673,121859271,-22.66,1
solo,2026-05-31 02:35:43.543703,0,0
OPEN,2026-05-31 02:36:03.544380,0,0
0,2026-05-31 02:36:54.142803,12186133157,-3.56,1
0,2026-05-31 02:36:58.151922,12186133157,19.64,2
solo,2026-05-31 02:36:58.356875,0,0
OPEN,2026-05-31 02:37:18.357930,0,0
0,2026-05-31 02:38:33.023405,121836132,2.1,1
0,2026-05-31 02:38:42.656735,121836132,7.96,2
solo,2026-05-31 02:38:42.861007,0,0
OPEN,2026-05-31 02:39:02.861669,0,0
0,2026-05-31 02:39:06.405500,121859271,22.87,1
0,2026-05-31 02:39:11.986644,121859271,18.79,2
solo,2026-05-31 02:39:12.191266,0,0
OPEN,2026-05-31 02:39:32.192006,0,0
0,2026-05-31 02:39:51.108258,12186133157,25.15,2
0,2026-05-31 02:39:54.280209,12186133157,-58.52,1
solo,2026-05-31 02:39:54.485269,0,0
OPEN,2026-05-31 02:40:14.485860,0,0
0,2026-05-31 02:40:45.573182,121836132,19.63,2
0,2026-05-31 02:40:59.041787,121836132,-67.85,1
solo,2026-05-31 02:40:59.247258,0,0
OPEN,2026-05-31 02:41:19.247914,0,0
0,2026-05-31 02:41:31.073379,121839170,24.23,1
0,2026-05-31 02:41:34.537833,121839170,19.68,2
solo,2026-05-31 02:41:34.741482,0,0
OPEN,2026-05-31 02:41:54.742250,0,0
0,2026-05-31 02:42:04.682740,121836132,-15.32,1
0,2026-05-31 02:42:08.296613,121836132,4.26,2
solo,2026-05-31 02:42:08.500636,0,0
OPEN,2026-05-31 02:42:28.501222,0,0
0,2026-05-31 02:42:33.023074,121859271,25.75,2
0,2026-05-31 02:42:37.305845,121859271,-23.74,1
solo,2026-05-31 02:42:37.510657,0,0
OPEN,2026-05-31 02:42:57.511413,0,0
0,2026-05-31 02:46:47.864752,121839170,24.18,2
OPEN,2026-05-31 02:47:11.060674,0,0
0,2026-05-31 02:47:26.764181,12186133157,-13.63,1
0,2026-05-31 02:47:32.000603,12186133157,10.19,2
solo,2026-05-31 02:47:32.205852,0,0
OPEN,2026-05-31 02:47:52.206564,0,0
0,2026-05-31 02:48:19.423884,12186133157,25.58,2
0,2026-05-31 02:48:22.780819,121859271,19.2,1
start Lindzey,2026-05-31 02:48:29.091919,0,0
1,2026-05-31 02:48:33.550247,121859271,22.92,1
2,2026-05-31 02:48:34.692113,121859271,19.82,1
3,2026-05-31 02:48:41.054658,121859271,18.32,1
4,2026-05-31 02:48:44.510046,12186133157,36.28,1
End Lindzey,2026-05-31 02:48:54.714165,0,0
OPEN,2026-05-31 02:49:04.714484,0,0
0,2026-05-31 02:49:26.773171,121859271,24.29,1
0,2026-05-31 02:49:31.702407,121859271,16.88,2
solo,2026-05-31 02:49:31.906343,0,0
OPEN,2026-05-31 02:49:51.907065,0,0
0,2026-05-31 02:49:55.297963,121836132,22.38,2
0,2026-05-31 02:50:03.812235,12186133157,-3.01,1
start Lindzey,2026-05-31 02:50:04.816016,0,0
1,2026-05-31 02:50:57.164299,12186133157,18.55,1
1,2026-05-31 02:51:05.615253,121836132,-17.7,2
2,2026-05-31 02:51:08.324439,12186133157,23.01,2
followerB,2026-05-31 02:51:08.528969,0,0
End Lindzey,2026-05-31 02:51:18.530572,0,0
OPEN,2026-05-31 02:51:28.530882,0,0
0,2026-05-31 02:51:30.660120,121836132,20.64,2
1,2026-05-31 02:51:33.135054,121859271,28.92,2
0,2026-05-31 02:51:39.711741,121836132,-65.76,1
sequence,2026-05-31 02:51:39.916648,0,0
1,2026-05-31 02:51:47.208011,121859271,-29.69,1
OPEN,2026-05-31 02:52:07.413245,0,0
0,2026-05-31 02:52:13.386980,12186133157,22.94,2
0,2026-05-31 02:52:19.967648,12186133157,-40.01,1
solo,2026-05-31 02:52:20.171353,0,0
OPEN,2026-05-31 02:52:40.172112,0,0
0,2026-05-31 02:54:19.307845,121839170,24.58,1
1,2026-05-31 02:54:20.426154,12186133157,19.65,1
followerA,2026-05-31 02:54:20.630299,0,0
sequence,2026-05-31 02:54:21.216340,0,0
0,2026-05-31 02:54:22.484666,121839170,9.73,2
2,2026-05-31 02:54:22.853657,12186133157,22.86,1
1,2026-05-31 02:54:36.775047,12186133157,19.31,2
followerB,2026-05-31 02:54:36.979406,0,0
OPEN,2026-05-31 02:54:56.982655,0,0
0,2026-05-31 02:55:12.981780,121859271,24.43,1
0,2026-05-31 02:55:16.466194,121859271,19.85,2
solo,2026-05-31 02:55:16.670813,0,0
OPEN,2026-05-31 02:55:36.671566,0,0
0,2026-05-31 02:55:40.536252,121859271,23.34,2
1,2026-05-31 02:55:41.355762,12186133157,25.34,2
0,2026-05-31 02:55:42.272668,121836132,-7.55,1
sequence,2026-05-31 02:55:45.893394,0,0
1,2026-05-31 02:55:46.304943,121859271,7.64,1
2,2026-05-31 02:55:51.617618,12186133157,-29.35,1
OPEN,2026-05-31 02:56:11.823582,0,0
0,2026-05-31 02:56:14.246647,121836132,13.98,1
0,2026-05-31 02:56:19.974251,121836132,9.93,2
solo,2026-05-31 02:56:20.179006,0,0
OPEN,2026-05-31 02:56:40.179659,0,0
0,2026-05-31 02:56:44.414203,121836132,19.79,2
0,2026-05-31 02:56:53.193865,121836132,-81.67,1
solo,2026-05-31 02:56:53.398934,0,0
OPEN,2026-05-31 02:57:13.399640,0,0
0,2026-05-31 02:58:01.472378,121859271,24.01,1
0,2026-05-31 02:58:04.866305,121859271,19.44,2
solo,2026-05-31 02:58:05.070725,0,0
OPEN,2026-05-31 02:58:25.071411,0,0
0,2026-05-31 02:58:33.007471,12186133157,-18.28,1
0,2026-05-31 02:58:39.342764,12186133157,19.8,2
solo,2026-05-31 02:58:39.547468,0,0
OPEN,2026-05-31 02:58:59.548205,0,0
0,2026-05-31 03:01:58.539059,121839170,25.1,2
0,2026-05-31 03:02:05.023998,121839170,-20.89,1
solo,2026-05-31 03:02:05.228003,0,0
OPEN,2026-05-31 03:02:25.228665,0,0
0,2026-05-31 03:03:04.432782,121859271,23.86,2
0,2026-05-31 03:03:08.930102,121859271,-16.75,1
solo,2026-05-31 03:03:09.134302,0,0
OPEN,2026-05-31 03:03:29.135074,0,0
0,2026-05-31 03:03:31.607069,12186133157,23.57,2
0,2026-05-31 03:03:36.039764,12186133157,-53.77,1
solo,2026-05-31 03:03:36.243286,0,0
OPEN,2026-05-31 03:03:56.243952,0,0
0,2026-05-31 03:04:22.939898,121859271,23.44,1
0,2026-05-31 03:04:28.315527,121859271,18.98,2
solo,2026-05-31 03:04:28.520242,0,0
OPEN,2026-05-31 03:04:48.521434,0,0
0,2026-05-31 03:04:49.593791,12186133157,-1.44,1
1,2026-05-31 03:04:51.144734,121836132,15.82,1
followerA,2026-05-31 03:04:51.349096,0,0
sequence,2026-05-31 03:04:51.783406,0,0
0,2026-05-31 03:04:53.359893,12186133157,18.97,2
1,2026-05-31 03:04:55.662149,121836132,13.38,2
followerB,2026-05-31 03:04:55.866565,0,0
OPEN,2026-05-31 03:05:15.868811,0,0
0,2026-05-31 03:05:18.483068,1218496122,-5.65,1
0,2026-05-31 03:05:24.095605,1218496122,5.84,2
solo,2026-05-31 03:05:24.299432,0,0
OPEN,2026-05-31 03:05:44.300171,0,0
0,2026-05-31 03:05:47.551597,121859271,25.29,2
1,2026-05-31 03:05:48.327717,12186133157,26.9,2
0,2026-05-31 03:05:52.098884,121859271,-31.19,1
sequence,2026-05-31 03:05:52.303645,0,0
1,2026-05-31 03:05:55.155930,12186133157,-45.27,1
OPEN,2026-05-31 03:06:15.360277,0,0
0,2026-05-31 03:06:50.051081,121836132,22.41,2
0,2026-05-31 03:06:57.830884,121836132,-44.56,1
solo,2026-05-31 03:06:58.034203,0,0
OPEN,2026-05-31 03:07:18.034994,0,0
0,2026-05-31 03:07:26.193457,12186133157,11.52,1
0,2026-05-31 03:07:30.006297,12186133157,16.98,2
solo,2026-05-31 03:07:30.210201,0,0
OPEN,2026-05-31 03:07:50.210859,0,0
0,2026-05-31 03:08:13.179834,121836132,-1.31,1
OPEN,2026-05-31 03:08:35.026336,0,0
0,2026-05-31 03:08:40.704694,12186133157,23.82,2
0,2026-05-31 03:08:44.942277,12186133157,-36.82,1
solo,2026-05-31 03:08:45.146752,0,0
OPEN,2026-05-31 03:09:05.147524,0,0
0,2026-05-31 03:11:28.561040,121859271,23.87,1
0,2026-05-31 03:11:32.034406,121859271,18.2,2
solo,2026-05-31 03:11:32.239739,0,0
OPEN,2026-05-31 03:11:52.240489,0,0
0,2026-05-31 03:11:53.415799,121859271,25.36,2
0,2026-05-31 03:11:58.833984,121859271,-9.43,1
solo,2026-05-31 03:11:59.037223,0,0
OPEN,2026-05-31 03:12:19.038223,0,0
0,2026-05-31 03:12:39.893286,1218496122,21.15,2
0,2026-05-31 03:12:47.008274,1218496122,-6.78,1
solo,2026-05-31 03:12:47.211423,0,0
OPEN,2026-05-31 03:13:07.212172,0,0
0,2026-05-31 03:13:14.626636,12186133157,0.19,1
0,2026-05-31 03:13:18.641392,12186133157,17.6,2
solo,2026-05-31 03:13:18.845700,0,0
OPEN,2026-05-31 03:13:38.846659,0,0
0,2026-05-31 03:13:40.706575,121836132,23.0,2
0,2026-05-31 03:13:42.116633,121839170,24.58,1
start Lindzey,2026-05-31 03:13:44.296745,0,0
1,2026-05-31 03:13:48.378666,121839170,23.95,1
2,2026-05-31 03:13:53.631638,121839170,23.9,1
3,2026-05-31 03:13:55.499120,121836132,8.85,1
End Lindzey,2026-05-31 03:14:05.704081,0,0
OPEN,2026-05-31 03:14:15.704538,0,0
0,2026-05-31 03:14:18.509674,121839170,24.26,1
1,2026-05-31 03:14:25.067820,121839170,23.01,1
0,2026-05-31 03:14:33.243635,121839170,11.07,2
solo,2026-05-31 03:14:33.448040,0,0
OPEN,2026-05-31 03:14:53.448807,0,0
0,2026-05-31 03:14:56.446199,121839170,23.2,2
0,2026-05-31 03:15:03.403051,121839170,-19.69,1
solo,2026-05-31 03:15:03.607664,0,0
OPEN,2026-05-31 03:15:23.608336,0,0
0,2026-05-31 03:15:25.846631,121839170,23.93,1
0,2026-05-31 03:15:26.596215,12186133157,23.65,2
start Lindzey,2026-05-31 03:15:39.305058,0,0
1,2026-05-31 03:15:49.851936,12186133157,19.05,2
2,2026-05-31 03:15:51.414901,121839170,18.66,2
followerB,2026-05-31 03:15:51.618463,0,0
End Lindzey,2026-05-31 03:16:01.620513,0,0
OPEN,2026-05-31 03:16:11.620815,0,0
0,2026-05-31 03:16:13.777186,121839170,24.18,2
0,2026-05-31 03:16:21.032665,121859271,22.37,1
start Lindzey,2026-05-31 03:16:21.469242,0,0
End Lindzey,2026-05-31 03:16:31.469579,0,0
OPEN,2026-05-31 03:16:41.469881,0,0
0,2026-05-31 03:16:44.869067,12186133157,16.39,2
1,2026-05-31 03:16:46.467667,121839170,27.96,2
2,2026-05-31 03:16:49.345124,121839170,24.81,2
0,2026-05-31 03:16:49.681038,12186133157,-69.56,1
sequence,2026-05-31 03:16:51.403190,0,0
3,2026-05-31 03:16:52.283014,121839170,24.75,2
4,2026-05-31 03:17:21.511734,121839170,22.88,2
5,2026-05-31 03:17:28.410792,121839170,26.1,2
6,2026-05-31 03:17:37.460169,121839170,24.62,2
OPEN,2026-05-31 03:17:57.664592,0,0
0,2026-05-31 03:18:08.874320,121839170,-20.27,1
OPEN,2026-05-31 03:18:28.875253,0,0
0,2026-05-31 03:18:36.065829,121839170,24.05,1
1,2026-05-31 03:18:39.216313,1218496122,-5.49,1
followerA,2026-05-31 03:18:39.421139,0,0
sequence,2026-05-31 03:18:40.878638,0,0
0,2026-05-31 03:18:48.305619,121839170,8.74,2
1,2026-05-31 03:18:49.146206,1218496122,19.87,2
followerB,2026-05-31 03:18:49.350675,0,0
OPEN,2026-05-31 03:19:09.353288,0,0
0,2026-05-31 03:19:11.904614,121859271,23.71,2
0,2026-05-31 03:19:12.878710,12186133157,-14.36,1
start Lindzey,2026-05-31 03:19:14.581513,0,0
1,2026-05-31 03:20:27.825302,121859271,23.17,2
2,2026-05-31 03:20:30.844302,12186133157,20.42,2
followerB,2026-05-31 03:20:31.047877,0,0
End Lindzey,2026-05-31 03:20:41.049554,0,0
OPEN,2026-05-31 03:20:51.049950,0,0
0,2026-05-31 03:20:53.593600,121859271,23.59,2
OPEN,2026-05-31 03:21:20.897071,0,0
0,2026-05-31 03:21:46.479211,121839170,24.41,2
0,2026-05-31 03:22:52.175443,121859271,23.01,1
start Lindzey,2026-05-31 03:22:59.042630,0,0
1,2026-05-31 03:23:09.865327,121839170,24.19,2
2,2026-05-31 03:23:12.319611,121859271,16.31,2
followerB,2026-05-31 03:23:12.523754,0,0
End Lindzey,2026-05-31 03:23:22.525660,0,0
OPEN,2026-05-31 03:23:32.525971,0,0
0,2026-05-31 03:23:35.001766,121839170,21.52,2
1,2026-05-31 03:23:36.089810,12186133157,26.11,2
followerB,2026-05-31 03:23:36.294113,0,0
sequence,2026-05-31 03:23:37.458718,0,0
0,2026-05-31 03:23:41.095750,121839170,-22.18,1
1,2026-05-31 03:25:35.155891,12186133157,-30.1,1
OPEN,2026-05-31 03:25:55.360577,0,0
0,2026-05-31 03:25:58.910123,121859271,23.61,2
0,2026-05-31 03:26:04.378354,121839170,24.13,1
start Lindzey,2026-05-31 03:26:07.731044,0,0
1,2026-05-31 03:26:08.946289,121839170,23.88,1
2,2026-05-31 03:26:13.124263,121839170,22.07,1
3,2026-05-31 03:26:17.919331,121839170,21.9,1
4,2026-05-31 03:26:23.172201,121839170,27.84,1
5,2026-05-31 03:26:29.632452,121839170,23.89,1
1,2026-05-31 03:27:05.416127,121859271,22.58,2
2,2026-05-31 03:27:07.307863,121839170,16.41,2
followerB,2026-05-31 03:27:07.512076,0,0
End Lindzey,2026-05-31 03:27:17.514244,0,0
OPEN,2026-05-31 03:27:27.514583,0,0
0,2026-05-31 03:27:36.248510,1218496122,19.36,2
1,2026-05-31 03:27:39.251639,121859271,25.19,2
0,2026-05-31 03:27:50.932094,12186133157,-34.86,1
1,2026-05-31 03:28:01.680924,1218496122,-6.06,1
sequence,2026-05-31 03:28:01.885087,0,0
2,2026-05-31 03:28:02.416810,12186133157,-15.11,1
3,2026-05-31 03:28:06.410836,1218496122,-1.02,1
4,2026-05-31 03:28:17.377817,121859271,-9.16,1
OPEN,2026-05-31 03:28:37.581754,0,0
0,2026-05-31 03:28:41.434919,12186133157,-25.76,1
OPEN,2026-05-31 03:29:19.638120,0,0
0,2026-05-31 03:29:58.894707,121859271,23.45,1
0,2026-05-31 03:30:15.198306,12186133157,25.99,2
start Lindzey,2026-05-31 03:30:19.353646,0,0
1,2026-05-31 03:30:19.657879,12186133157,19.91,2
2,2026-05-31 03:30:24.240653,121859271,32.02,2
followerB,2026-05-31 03:30:24.444386,0,0
End Lindzey,2026-05-31 03:30:34.446593,0,0
OPEN,2026-05-31 03:30:44.447020,0,0
0,2026-05-31 03:30:46.399568,121859271,22.53,2
1,2026-05-31 03:30:47.258687,12186133157,26.45,2
0,2026-05-31 03:30:52.144355,121859271,-18.51,1
sequence,2026-05-31 03:30:52.350622,0,0
1,2026-05-31 03:30:56.749265,12186133157,-23.08,1
2,2026-05-31 03:31:00.301291,12186133157,24.27,1
OPEN,2026-05-31 03:31:20.505695,0,0
0,2026-05-31 03:31:32.339191,1218496122,2.28,1
0,2026-05-31 03:31:46.558116,1218496122,6.87,2
solo,2026-05-31 03:31:46.762340,0,0
OPEN,2026-05-31 03:32:06.763068,0,0
0,2026-05-31 03:32:26.718497,121839170,23.82,2
OPEN,2026-05-31 03:32:58.073552,0,0
0,2026-05-31 03:32:59.780645,1218496122,13.4,2
0,2026-05-31 03:33:04.118264,12186133157,-5.31,1
start Lindzey,2026-05-31 03:33:06.351839,0,0
1,2026-05-31 03:33:13.669651,12186133157,9.55,2
followerB,2026-05-31 03:33:13.872855,0,0
End Lindzey,2026-05-31 03:33:23.874493,0,0
OPEN,2026-05-31 03:33:33.874811,0,0
0,2026-05-31 03:33:34.989335,1218496122,23.32,2
1,2026-05-31 03:33:36.409284,12186133157,28.03,2
followerB,2026-05-31 03:33:36.614048,0,0
0,2026-05-31 03:33:37.971634,121839170,24.82,1
sequence,2026-05-31 03:33:42.611352,0,0
1,2026-05-31 03:34:01.903363,1218496122,-2.81,1
2,2026-05-31 03:34:15.484883,12186133157,-53.01,1
OPEN,2026-05-31 03:34:35.690568,0,0
0,2026-05-31 03:34:55.566533,121839170,17.49,1
1,2026-05-31 03:34:56.904918,12186133157,8.97,1
followerA,2026-05-31 03:34:57.107998,0,0
sequence,2026-05-31 03:34:58.131916,0,0
0,2026-05-31 03:35:01.646367,121839170,18.57,2
1,2026-05-31 03:35:02.314345,12186133157,21.82,2
followerB,2026-05-31 03:35:02.518373,0,0
OPEN,2026-05-31 03:35:22.520957,0,0
0,2026-05-31 03:35:25.083749,121839170,24.71,2
0,2026-05-31 03:35:27.786265,121859271,25.34,1
start Lindzey,2026-05-31 03:35:28.352310,0,0
1,2026-05-31 03:35:38.527266,121839170,23.16,2
2,2026-05-31 03:35:39.792777,121859271,24.06,2
followerB,2026-05-31 03:35:39.996703,0,0
End Lindzey,2026-05-31 03:35:49.998316,0,0
OPEN,2026-05-31 03:35:59.998741,0,0
0,2026-05-31 03:36:02.170646,121839170,26.39,2
1,2026-05-31 03:36:03.993179,121859271,30.72,2
followerB,2026-05-31 03:36:04.197429,0,0
sequence,2026-05-31 03:36:06.146716,0,0
0,2026-05-31 03:36:08.723911,121839170,-14.6,1
1,2026-05-31 03:36:12.539734,121859271,-10.47,1
OPEN,2026-05-31 03:36:32.744018,0,0
0,2026-05-31 03:36:35.557924,12186133157,24.43,2
0,2026-05-31 03:36:35.810453,121839170,23.6,1
1,2026-05-31 03:36:39.007850,121839170,23.71,1
start Lindzey,2026-05-31 03:36:40.594837,0,0
2,2026-05-31 03:36:44.946092,121839170,23.0,1
3,2026-05-31 03:36:48.340092,12186133157,1.47,1
End Lindzey,2026-05-31 03:36:58.543254,0,0
OPEN,2026-05-31 03:37:08.543575,0,0
0,2026-05-31 03:37:13.075740,121839170,24.53,1
1,2026-05-31 03:37:18.589857,121839170,19.63,1
2,2026-05-31 03:37:25.803613,121839170,21.61,1
OPEN,2026-05-31 03:37:46.411449,0,0
0,2026-05-31 03:37:50.368592,121839170,24.49,2
1,2026-05-31 03:37:51.904201,121839170,24.6,2
2,2026-05-31 03:37:54.681006,121839170,23.19,2
0,2026-05-31 03:38:05.723746,12186133157,-19.06,1
start Lindzey,2026-05-31 03:38:08.036476,0,0
1,2026-05-31 03:38:33.436688,12186133157,27.99,1
3,2026-05-31 03:39:08.963070,121839170,23.38,2
4,2026-05-31 03:39:10.751812,12186133157,20.13,2
followerB,2026-05-31 03:39:10.955907,0,0
End Lindzey,2026-05-31 03:39:20.958184,0,0
OPEN,2026-05-31 03:39:30.958777,0,0
0,2026-05-31 03:39:52.000865,12186133157,22.4,2
1,2026-05-31 03:39:53.088790,12186133157,23.34,2
0,2026-05-31 03:40:01.370044,1218496122,-5.79,1
start Lindzey,2026-05-31 03:40:05.060541,0,0
1,2026-05-31 03:40:07.246355,1218496122,38.54,1
2,2026-05-31 03:40:07.982403,12186133157,31.87,1
End Lindzey,2026-05-31 03:40:18.185968,0,0
OPEN,2026-05-31 03:40:28.186295,0,0
0,2026-05-31 03:40:29.974826,121839170,24.76,2
0,2026-05-31 03:40:35.254914,121839170,-15.42,1
solo,2026-05-31 03:40:36.147057,0,0
OPEN,2026-05-31 03:40:56.147668,0,0
0,2026-05-31 03:41:14.034714,1218496122,9.72,1
0,2026-05-31 03:41:28.058180,1218496122,9.8,2
solo,2026-05-31 03:41:28.262476,0,0
OPEN,2026-05-31 03:41:48.263055,0,0
0,2026-05-31 03:43:28.134477,12186133157,14.84,1
0,2026-05-31 03:43:33.277651,12186133157,15.31,2
solo,2026-05-31 03:43:33.481074,0,0
OPEN,2026-05-31 03:43:53.481790,0,0
0,2026-05-31 03:44:17.926213,1218496122,21.64,2
0,2026-05-31 03:44:36.568894,1218496122,-3.21,1
solo,2026-05-31 03:44:36.773592,0,0
1,2026-05-31 03:44:39.881596,1218496122,-35.78,1
OPEN,2026-05-31 03:45:00.086504,0,0
0,2026-05-31 03:45:06.808058,12186133157,25.01,2
0,2026-05-31 03:45:11.614876,12186133157,-53.91,1
solo,2026-05-31 03:45:12.898874,0,0
OPEN,2026-05-31 03:45:32.899593,0,0
0,2026-05-31 03:55:58.421781,1218496122,0.92,1
0,2026-05-31 03:56:03.583311,1218496122,10.15,2
solo,2026-05-31 03:56:03.787270,0,0
OPEN,2026-05-31 03:56:23.787973,0,0
0,2026-05-31 03:56:52.684794,1218496122,20.59,2
0,2026-05-31 03:57:03.976331,1218496122,0.0,1
solo,2026-05-31 03:57:04.180357,0,0
1,2026-05-31 03:57:10.953970,1218496122,24.76,1
OPEN,2026-05-31 03:57:31.158771,0,0
0,2026-05-31 04:00:03.818726,1218496122,-11.79,1
0,2026-05-31 04:00:21.747039,1218496122,3.21,2
solo,2026-05-31 04:00:21.951162,0,0
OPEN,2026-05-31 04:00:41.951865,0,0
0,2026-05-31 04:00:49.701940,1218496122,13.53,2
0,2026-05-31 04:00:56.849056,1218496122,-7.22,1
solo,2026-05-31 04:00:57.053618,0,0
OPEN,2026-05-31 04:01:17.054419,0,0
0,2026-05-31 04:01:23.850439,1218496122,7.76,1
0,2026-05-31 04:01:29.257548,1218496122,8.78,2
solo,2026-05-31 04:01:29.461774,0,0
OPEN,2026-05-31 04:01:49.462460,0,0
0,2026-05-31 04:01:52.987378,12186133157,4.97,1
0,2026-05-31 04:01:58.302858,12186133157,8.13,2
solo,2026-05-31 04:01:58.506881,0,0
OPEN,2026-05-31 04:02:18.507617,0,0
0,2026-05-31 04:02:23.297001,12186133157,24.03,2
0,2026-05-31 04:02:27.068847,12186133157,-46.78,1
solo,2026-05-31 04:02:27.273197,0,0
OPEN,2026-05-31 04:02:47.273962,0,0
0,2026-05-31 04:09:37.404784,1218496122,13.89,2
1,2026-05-31 04:09:45.180072,1218496122,9.62,2
0,2026-05-31 04:09:51.224752,1218496122,-2.67,1
solo,2026-05-31 04:09:51.429459,0,0
1,2026-05-31 04:09:54.986655,1218496122,-52.52,1
OPEN,2026-05-31 04:10:15.190881,0,0
0,2026-05-31 04:15:09.929447,1218496122,-9.85,1
0,2026-05-31 04:15:17.513685,1218496122,8.17,2
solo,2026-05-31 04:15:17.718524,0,0
OPEN,2026-05-31 04:15:37.719251,0,0
0,2026-05-31 04:25:34.882551,1218496122,22.71,2
0,2026-05-31 04:25:40.269176,1218496122,-5.04,1
solo,2026-05-31 04:25:40.472357,0,0
OPEN,2026-05-31 04:26:00.473122,0,0
0,2026-05-31 05:45:20.915413,121859271,24.18,1
0,2026-05-31 05:45:25.130174,121859271,7.56,2
solo,2026-05-31 05:45:25.333396,0,0
OPEN,2026-05-31 05:45:45.334150,0,0
0,2026-05-31 05:47:00.618614,121859271,23.5,2
0,2026-05-31 05:47:05.388790,121859271,-21.46,1
solo,2026-05-31 05:47:05.594063,0,0
OPEN,2026-05-31 05:47:25.594655,0,0
0,2026-05-31 06:00:24.330036,121839170,24.56,1
0,2026-05-31 06:00:27.383766,121839170,8.5,2
solo,2026-05-31 06:00:27.587746,0,0
OPEN,2026-05-31 06:00:47.588530,0,0
0,2026-05-31 06:06:02.354733,121836132,-7.78,1
0,2026-05-31 06:06:07.095169,121836132,8.94,2
solo,2026-05-31 06:06:07.299953,0,0
OPEN,2026-05-31 06:06:27.300536,0,0
0,2026-05-31 06:06:42.514223,121839170,24.97,2
0,2026-05-31 06:06:47.200457,121839170,-10.41,1
solo,2026-05-31 06:06:47.404957,0,0
OPEN,2026-05-31 06:07:07.405600,0,0
0,2026-05-31 06:11:10.786223,121836132,15.47,2
0,2026-05-31 06:11:16.182573,121836132,-67.07,1
solo,2026-05-31 06:11:16.387679,0,0
OPEN,2026-05-31 06:11:40.845508,0,0
0,2026-05-31 06:16:14.623991,12186133157,-29.67,1
0,2026-05-31 06:16:18.587182,12186133157,7.56,2
solo,2026-05-31 06:16:18.791416,0,0
OPEN,2026-05-31 06:16:38.792131,0,0
0,2026-05-31 06:17:58.973596,12186133157,24.92,2
0,2026-05-31 06:18:02.508160,12186133157,-61.46,1
solo,2026-05-31 06:18:02.712378,0,0
OPEN,2026-05-31 06:18:22.713138,0,0
0,2026-05-31 07:33:25.015447,121859271,23.2,1
0,2026-05-31 07:33:29.453003,121859271,16.22,2
solo,2026-05-31 07:33:29.657399,0,0
OPEN,2026-05-31 07:33:49.658162,0,0
0,2026-05-31 07:36:09.625776,121859271,22.88,2
0,2026-05-31 07:36:14.643700,121859271,-6.48,1
solo,2026-05-31 07:36:14.848050,0,0
OPEN,2026-05-31 07:36:34.848724,0,0
0,2026-05-31 07:37:43.590699,121859271,23.24,1
0,2026-05-31 07:37:50.856235,121859271,6.75,2
solo,2026-05-31 07:37:51.061655,0,0
OPEN,2026-05-31 07:38:11.062281,0,0
0,2026-05-31 07:39:08.394791,121859271,22.97,2
0,2026-05-31 07:39:12.486075,121859271,-13.74,1
solo,2026-05-31 07:39:12.691253,0,0
OPEN,2026-05-31 07:39:32.692037,0,0
0,2026-05-31 07:41:22.119761,121859271,23.53,1
0,2026-05-31 07:41:25.828481,121859271,18.19,2
solo,2026-05-31 07:41:26.033214,0,0
OPEN,2026-05-31 07:41:46.033806,0,0
0,2026-05-31 07:44:01.121823,121859271,23.85,2
0,2026-05-31 07:44:05.159667,121859271,1.48,1
solo,2026-05-31 07:44:05.364617,0,0
OPEN,2026-05-31 07:44:25.365274,0,0
0,2026-05-31 07:44:37.290277,121859271,22.08,1
0,2026-05-31 07:44:40.606540,121859271,19.42,2
solo,2026-05-31 07:44:40.810905,0,0
OPEN,2026-05-31 07:45:00.811653,0,0
0,2026-05-31 07:45:03.908533,121859271,24.04,2
0,2026-05-31 07:45:07.984400,121859271,-2.3,1
solo,2026-05-31 07:45:08.187775,0,0
OPEN,2026-05-31 07:45:28.188376,0,0
0,2026-05-31 07:46:23.307673,121859271,23.03,1
0,2026-05-31 07:46:29.055249,121859271,19.9,2
solo,2026-05-31 07:46:29.258774,0,0
OPEN,2026-05-31 07:46:49.259442,0,0
0,2026-05-31 07:47:07.404397,121859271,22.92,2
0,2026-05-31 07:47:11.023108,121859271,-3.0,1
solo,2026-05-31 07:47:11.228270,0,0
OPEN,2026-05-31 07:47:31.228922,0,0
0,2026-05-31 07:48:42.040880,121859271,22.96,1
0,2026-05-31 07:48:44.651981,121859271,20.54,2
solo,2026-05-31 07:48:44.857303,0,0
OPEN,2026-05-31 07:49:04.858088,0,0
0,2026-05-31 07:49:19.240236,121859271,23.3,2
0,2026-05-31 07:49:25.416777,121859271,-10.81,1
solo,2026-05-31 07:49:25.621470,0,0
OPEN,2026-05-31 07:49:45.622254,0,0
0,2026-05-31 07:53:01.371496,121859271,22.98,1
0,2026-05-31 07:53:04.269051,121859271,19.08,2
solo,2026-05-31 07:53:04.474348,0,0
OPEN,2026-05-31 07:53:24.475008,0,0
0,2026-05-31 07:54:39.977127,121836132,9.41,1
0,2026-05-31 07:54:47.688504,121836132,9.45,2
solo,2026-05-31 07:54:47.893097,0,0
OPEN,2026-05-31 07:55:07.893918,0,0
0,2026-05-31 07:56:27.569818,121859271,24.09,2
0,2026-05-31 07:56:31.862033,121859271,-8.33,1
solo,2026-05-31 07:56:35.968457,0,0
OPEN,2026-05-31 07:56:55.969171,0,0
0,2026-05-31 07:56:58.313179,121839170,25.06,1
0,2026-05-31 07:57:01.297081,121839170,11.57,2
solo,2026-05-31 07:57:01.502318,0,0
OPEN,2026-05-31 07:57:21.503092,0,0
0,2026-05-31 07:57:31.785776,12186133157,6.16,1
0,2026-05-31 07:57:32.464704,121836132,22.13,2
start Lindzey,2026-05-31 07:57:32.815990,0,0
1,2026-05-31 07:58:25.700854,121836132,9.83,2
2,2026-05-31 07:58:27.828598,12186133157,23.25,2
followerB,2026-05-31 07:58:28.032319,0,0
End Lindzey,2026-05-31 07:58:38.034059,0,0
OPEN,2026-05-31 07:58:48.034508,0,0
0,2026-05-31 08:00:01.175801,121836132,21.54,2
0,2026-05-31 08:00:11.512407,121836132,-21.16,1
solo,2026-05-31 08:00:11.716252,0,0
OPEN,2026-05-31 08:00:31.716950,0,0
0,2026-05-31 08:00:57.205780,12186133157,23.27,2
0,2026-05-31 08:00:57.531206,121836132,3.2,1
start Lindzey,2026-05-31 08:01:02.037228,0,0
1,2026-05-31 08:01:04.930279,12186133157,16.88,1
End Lindzey,2026-05-31 08:01:15.135331,0,0
OPEN,2026-05-31 08:01:25.135704,0,0
0,2026-05-31 08:02:01.317022,121836132,-37.73,1
OPEN,2026-05-31 08:02:22.777721,0,0
0,2026-05-31 08:02:29.369366,121859271,22.94,1
0,2026-05-31 08:02:33.955223,121859271,12.55,2
solo,2026-05-31 08:02:34.159430,0,0
OPEN,2026-05-31 08:02:54.160100,0,0
0,2026-05-31 08:02:56.708325,121859271,23.33,2
0,2026-05-31 08:03:02.954571,121859271,-20.53,1
solo,2026-05-31 08:03:03.157521,0,0
OPEN,2026-05-31 08:03:23.158248,0,0
0,2026-05-31 08:03:25.077853,12186133157,-17.48,1
0,2026-05-31 08:03:28.646609,12186133157,20.47,2
solo,2026-05-31 08:03:28.850407,0,0
OPEN,2026-05-31 08:03:48.851077,0,0
0,2026-05-31 08:04:02.108237,121839170,24.97,2
1,2026-05-31 08:04:03.276619,12186133157,23.03,2
0,2026-05-31 08:04:06.453442,121839170,-26.09,1
sequence,2026-05-31 08:04:06.657457,0,0
1,2026-05-31 08:04:07.819134,12186133157,-18.71,1
OPEN,2026-05-31 08:04:28.024129,0,0
0,2026-05-31 08:04:43.833784,121836132,22.12,2
0,2026-05-31 08:04:49.004649,121836132,-57.25,1
solo,2026-05-31 08:04:49.209497,0,0
OPEN,2026-05-31 08:05:09.210275,0,0
0,2026-05-31 08:06:19.214888,1218496122,9.68,1
0,2026-05-31 08:06:24.290359,1218496122,7.43,2
solo,2026-05-31 08:06:24.496495,0,0
OPEN,2026-05-31 08:06:44.497159,0,0
0,2026-05-31 08:07:45.665933,121839170,23.85,1
0,2026-05-31 08:07:48.717588,121839170,14.52,2
solo,2026-05-31 08:07:48.921104,0,0
OPEN,2026-05-31 08:08:08.921834,0,0
0,2026-05-31 08:08:21.964020,121859271,22.79,1
0,2026-05-31 08:08:24.883913,121859271,18.56,2
solo,2026-05-31 08:08:25.087571,0,0
OPEN,2026-05-31 08:08:45.088264,0,0
0,2026-05-31 08:08:54.134065,12186133157,-1.72,1
0,2026-05-31 08:08:57.743568,12186133157,13.29,2
solo,2026-05-31 08:08:57.947403,0,0
OPEN,2026-05-31 08:09:17.948116,0,0
0,2026-05-31 08:09:33.174438,121836132,11.47,1
0,2026-05-31 08:09:39.295801,121836132,4.28,2
solo,2026-05-31 08:09:39.499706,0,0
OPEN,2026-05-31 08:09:59.500333,0,0
0,2026-05-31 08:10:41.828668,121836132,21.51,2
1,2026-05-31 08:10:43.083916,121839170,30.44,2
2,2026-05-31 08:10:45.212247,1218496122,30.36,2
0,2026-05-31 08:10:50.807515,121836132,-98.8,1
sequence,2026-05-31 08:10:51.010693,0,0
1,2026-05-31 08:10:54.750495,121839170,-1.89,1
2,2026-05-31 08:10:56.721204,1218496122,-0.33,1
3,2026-05-31 08:10:57.995529,1218496122,0.63,1
4,2026-05-31 08:11:01.046744,1218496122,-56.73,1
5,2026-05-31 08:11:02.353386,1218496122,-4.38,1
OPEN,2026-05-31 08:11:22.558898,0,0
0,2026-05-31 08:13:16.024981,12186133157,24.23,2
0,2026-05-31 08:13:18.986673,12186133157,-41.02,1
solo,2026-05-31 08:13:19.191346,0,0
OPEN,2026-05-31 08:13:39.192047,0,0
0,2026-05-31 08:13:41.237518,121836132,-0.51,1
0,2026-05-31 08:13:45.845361,121836132,2.85,2
solo,2026-05-31 08:13:46.048590,0,0
OPEN,2026-05-31 08:14:06.049302,0,0
0,2026-05-31 08:15:37.212335,121859271,24.65,2
0,2026-05-31 08:15:41.602883,121859271,-16.01,1
solo,2026-05-31 08:15:41.805988,0,0
OPEN,2026-05-31 08:16:01.806648,0,0
0,2026-05-31 08:16:18.819316,121859271,23.77,1
1,2026-05-31 08:16:21.846599,1218496122,-2.17,1
followerA,2026-05-31 08:16:22.051634,0,0
0,2026-05-31 08:16:22.826519,121859271,20.02,2
2,2026-05-31 08:16:24.298219,121839170,29.82,1
followerA,2026-05-31 08:16:24.501737,0,0
sequence,2026-05-31 08:16:24.866885,0,0
1,2026-05-31 08:16:26.257847,1218496122,7.46,2
followerB,2026-05-31 08:16:26.461723,0,0
2,2026-05-31 08:16:27.892515,121839170,21.49,2
followerB,2026-05-31 08:16:28.097239,0,0
OPEN,2026-05-31 08:16:48.100035,0,0
0,2026-05-31 08:16:50.655671,121859271,23.96,2
0,2026-05-31 08:16:55.043852,121859271,-40.55,1
solo,2026-05-31 08:16:56.326561,0,0
OPEN,2026-05-31 08:17:16.327269,0,0
0,2026-05-31 08:17:50.055999,121836132,20.23,2
1,2026-05-31 08:17:52.014823,121839170,27.84,2
0,2026-05-31 08:17:55.964033,121836132,-29.82,1
sequence,2026-05-31 08:17:56.168450,0,0
1,2026-05-31 08:17:58.367313,121839170,-0.61,1
OPEN,2026-05-31 08:18:18.571763,0,0
0,2026-05-31 08:18:25.812900,12186133157,-13.4,1
0,2026-05-31 08:18:29.453536,12186133157,1.2,2
solo,2026-05-31 08:18:29.657327,0,0
OPEN,2026-05-31 08:18:49.657908,0,0
0,2026-05-31 08:19:47.619561,12186133157,25.15,2
0,2026-05-31 08:19:50.944510,12186133157,-33.66,1
solo,2026-05-31 08:19:51.149139,0,0
OPEN,2026-05-31 08:20:11.149844,0,0
0,2026-05-31 08:21:11.371913,12186133157,-19.74,1
0,2026-05-31 08:21:15.096476,12186133157,7.45,2
solo,2026-05-31 08:21:15.301553,0,0
OPEN,2026-05-31 08:21:35.302324,0,0
0,2026-05-31 08:22:17.242305,121836132,10.03,1
0,2026-05-31 08:22:24.162041,121836132,7.32,2
solo,2026-05-31 08:22:24.366139,0,0
OPEN,2026-05-31 08:22:44.367350,0,0
0,2026-05-31 08:22:49.415469,12186133157,25.8,2
0,2026-05-31 08:22:53.310394,12186133157,-41.01,1
solo,2026-05-31 08:22:53.513679,0,0
OPEN,2026-05-31 08:23:13.514363,0,0
0,2026-05-31 08:23:19.089267,121836132,21.65,2
0,2026-05-31 08:23:39.775263,121836132,-16.83,1
solo,2026-05-31 08:23:39.980668,0,0
OPEN,2026-05-31 08:23:59.981422,0,0
0,2026-05-31 08:25:16.434363,121839170,23.59,1
0,2026-05-31 08:25:22.946539,121839170,6.74,2
solo,2026-05-31 08:25:23.151119,0,0
OPEN,2026-05-31 08:25:43.151791,0,0
0,2026-05-31 08:26:16.368434,1218496122,20.47,2
0,2026-05-31 08:26:39.480895,1218496122,0.21,1
solo,2026-05-31 08:26:39.685740,0,0
OPEN,2026-05-31 08:26:59.686508,0,0
0,2026-05-31 08:27:05.746761,121859271,24.39,1
0,2026-05-31 08:27:09.137387,121859271,18.47,2
solo,2026-05-31 08:27:09.342101,0,0
OPEN,2026-05-31 08:27:29.342773,0,0
0,2026-05-31 08:27:35.851273,121859271,22.87,2
0,2026-05-31 08:27:36.857272,121836132,8.06,1
start Lindzey,2026-05-31 08:27:37.724415,0,0
1,2026-05-31 08:27:41.113403,121836132,11.91,1
2,2026-05-31 08:27:48.207958,121859271,1.13,1
End Lindzey,2026-05-31 08:27:58.412404,0,0
OPEN,2026-05-31 08:28:08.412840,0,0
0,2026-05-31 08:28:14.530155,121836132,15.12,1
0,2026-05-31 08:28:14.920146,121839170,24.16,2
start Lindzey,2026-05-31 08:28:15.823263,0,0
1,2026-05-31 08:28:23.282137,121836132,13.9,1
2,2026-05-31 08:28:26.229018,121839170,2.55,1
End Lindzey,2026-05-31 08:28:36.433179,0,0
OPEN,2026-05-31 08:28:46.433618,0,0
0,2026-05-31 08:33:11.234780,121836132,8.26,1
0,2026-05-31 08:33:15.851773,121836132,7.05,2
solo,2026-05-31 08:33:16.056211,0,0
OPEN,2026-05-31 08:33:36.056961,0,0
0,2026-05-31 08:33:39.492560,121836132,23.02,2
0,2026-05-31 08:33:52.781838,121836132,-50.74,1
solo,2026-05-31 08:33:52.985961,0,0
OPEN,2026-05-31 08:34:12.986669,0,0
0,2026-05-31 08:34:29.299552,121859271,24.63,1
0,2026-05-31 08:34:32.433531,121859271,19.61,2
solo,2026-05-31 08:34:32.638525,0,0
OPEN,2026-05-31 08:34:52.639249,0,0
0,2026-05-31 08:34:54.035026,12186133157,-1.78,1
0,2026-05-31 08:34:57.936332,12186133157,20.31,2
solo,2026-05-31 08:34:58.140914,0,0
OPEN,2026-05-31 08:35:18.141663,0,0
0,2026-05-31 08:36:17.019519,1218496122,7.35,1
0,2026-05-31 08:36:22.273609,1218496122,9.03,2
solo,2026-05-31 08:36:22.478613,0,0
OPEN,2026-05-31 08:36:42.479288,0,0
0,2026-05-31 08:37:07.014650,121839170,24.58,1
0,2026-05-31 08:37:11.499393,121839170,8.77,2
solo,2026-05-31 08:37:11.704396,0,0
OPEN,2026-05-31 08:37:31.705071,0,0
0,2026-05-31 08:37:33.314944,12186133157,25.34,2
1,2026-05-31 08:37:34.374467,121859271,25.7,2
2,2026-05-31 08:37:35.439831,121839170,28.65,2
0,2026-05-31 08:37:36.716820,12186133157,-51.82,1
sequence,2026-05-31 08:37:36.920804,0,0
1,2026-05-31 08:37:40.051801,121859271,-11.03,1
2,2026-05-31 08:37:42.422921,121839170,-7.64,1
OPEN,2026-05-31 08:38:02.626730,0,0
0,2026-05-31 08:38:05.065824,121836132,8.41,1
0,2026-05-31 08:38:11.624852,121836132,8.48,2
solo,2026-05-31 08:38:11.828352,0,0
OPEN,2026-05-31 08:38:31.829012,0,0
0,2026-05-31 08:39:38.949925,121836132,19.71,2
0,2026-05-31 08:39:51.870411,121836132,-48.19,1
solo,2026-05-31 08:39:52.073869,0,0
OPEN,2026-05-31 08:40:12.074561,0,0
0,2026-05-31 08:40:16.937561,1218496122,21.48,2
0,2026-05-31 08:40:32.502829,1218496122,-0.01,1
solo,2026-05-31 08:40:32.708064,0,0
OPEN,2026-05-31 08:40:52.708828,0,0
0,2026-05-31 08:43:18.623286,121839170,22.91,1
1,2026-05-31 08:43:20.595326,121836132,15.57,1
followerA,2026-05-31 08:43:20.800627,0,0
sequence,2026-05-31 08:43:21.012578,0,0
0,2026-05-31 08:43:22.181644,121839170,8.62,2
1,2026-05-31 08:43:24.286391,121836132,4.05,2
followerB,2026-05-31 08:43:24.490506,0,0
OPEN,2026-05-31 08:43:44.493459,0,0
0,2026-05-31 08:43:54.422259,121859271,23.36,1
0,2026-05-31 08:43:58.485730,121859271,18.21,2
solo,2026-05-31 08:43:58.688957,0,0
OPEN,2026-05-31 08:44:18.689704,0,0
0,2026-05-31 08:44:49.598470,12186133157,-3.14,1
0,2026-05-31 08:44:55.382543,12186133157,6.53,2
solo,2026-05-31 08:44:55.585811,0,0
OPEN,2026-05-31 08:45:15.586526,0,0
0,2026-05-31 08:47:55.489574,12186133157,24.26,2
0,2026-05-31 08:47:58.501473,12186133157,-72.44,1
solo,2026-05-31 08:47:58.706166,0,0
OPEN,2026-05-31 08:48:18.706831,0,0
0,2026-05-31 08:48:44.638936,121859271,24.23,2
0,2026-05-31 08:48:50.058569,121859271,-9.51,1
solo,2026-05-31 08:48:50.262146,0,0
OPEN,2026-05-31 08:49:10.262905,0,0
0,2026-05-31 08:49:11.786763,12186133157,-15.26,1
0,2026-05-31 08:49:15.378060,12186133157,22.89,2
solo,2026-05-31 08:49:15.583287,0,0
OPEN,2026-05-31 08:49:35.584615,0,0
0,2026-05-31 08:50:03.573439,121839170,24.78,2
0,2026-05-31 08:50:08.248808,121839170,-1.84,1
solo,2026-05-31 08:50:08.452439,0,0
OPEN,2026-05-31 08:50:28.453449,0,0
0,2026-05-31 08:51:23.006453,121859271,23.28,1
0,2026-05-31 08:51:28.041848,121859271,19.36,2
solo,2026-05-31 08:51:28.247192,0,0
OPEN,2026-05-31 08:51:48.248660,0,0
0,2026-05-31 08:51:56.478029,121859271,24.32,2
0,2026-05-31 08:52:01.484201,121859271,-23.98,1
solo,2026-05-31 08:52:01.688945,0,0
OPEN,2026-05-31 08:52:21.689643,0,0
0,2026-05-31 08:52:23.999288,121836132,22.26,2
0,2026-05-31 08:52:28.557317,121836132,-54.44,1
solo,2026-05-31 08:52:28.762081,0,0
OPEN,2026-05-31 08:52:48.762806,0,0
0,2026-05-31 08:53:07.982815,12186133157,23.94,2
0,2026-05-31 08:53:11.784244,12186133157,-62.79,1
solo,2026-05-31 08:53:11.988210,0,0
OPEN,2026-05-31 08:53:31.989083,0,0
0,2026-05-31 08:53:41.605555,1218496122,5.62,1
0,2026-05-31 08:53:52.151438,1218496122,8.41,2
solo,2026-05-31 08:53:52.356195,0,0
1,2026-05-31 08:53:56.962302,1218496122,24.04,2
OPEN,2026-05-31 08:54:17.167235,0,0
0,2026-05-31 08:58:18.953427,121859271,23.31,1
0,2026-05-31 08:58:22.309057,121859271,19.73,2
solo,2026-05-31 08:58:22.513695,0,0
OPEN,2026-05-31 08:58:42.514471,0,0
0,2026-05-31 08:59:53.922654,1218496122,22.51,2
0,2026-05-31 09:00:00.255415,1218496122,-3.62,1
solo,2026-05-31 09:00:00.459725,0,0
1,2026-05-31 09:00:04.667578,1218496122,-40.19,1
OPEN,2026-05-31 09:00:34.872615,0,0
0,2026-05-31 09:03:19.802415,121859271,23.43,2
0,2026-05-31 09:03:27.844031,121859271,-15.72,1
solo,2026-05-31 09:03:28.732798,0,0
OPEN,2026-05-31 09:03:48.733482,0,0
0,2026-05-31 09:04:21.707831,121859271,23.76,1
0,2026-05-31 09:04:27.261821,121859271,17.29,2
solo,2026-05-31 09:04:27.466138,0,0
OPEN,2026-05-31 09:04:47.466962,0,0
0,2026-05-31 09:04:59.435145,1218496122,5.75,1
0,2026-05-31 09:05:14.004683,1218496122,2.19,2
solo,2026-05-31 09:05:14.209260,0,0
OPEN,2026-05-31 09:05:34.209970,0,0
0,2026-05-31 09:05:43.341237,121859271,24.08,2
0,2026-05-31 09:05:48.789266,121859271,-13.21,1
solo,2026-05-31 09:05:48.993622,0,0
OPEN,2026-05-31 09:06:08.994224,0,0
0,2026-05-31 09:07:05.903514,1218496122,19.57,2
0,2026-05-31 09:07:14.022777,1218496122,-3.49,1
solo,2026-05-31 09:07:14.227793,0,0
1,2026-05-31 09:07:19.642479,1218496122,24.77,1
OPEN,2026-05-31 09:07:39.846242,0,0
0,2026-05-31 09:07:54.390028,12186133157,14.63,1
0,2026-05-31 09:07:57.900920,12186133157,16.61,2
solo,2026-05-31 09:07:58.105267,0,0
OPEN,2026-05-31 09:08:18.106042,0,0
0,2026-05-31 09:11:51.957602,12186133157,23.84,2
0,2026-05-31 09:11:56.507368,12186133157,-30.74,1
solo,2026-05-31 09:11:56.711793,0,0
OPEN,2026-05-31 09:12:16.713061,0,0
0,2026-05-31 09:15:12.919105,121859271,24.29,1
0,2026-05-31 09:15:16.295079,121859271,13.73,2
solo,2026-05-31 09:15:16.498888,0,0
OPEN,2026-05-31 09:15:36.499589,0,0
0,2026-05-31 09:15:55.653984,121859271,24.71,2
0,2026-05-31 09:16:00.611550,121859271,-16.43,1
solo,2026-05-31 09:16:00.815702,0,0
OPEN,2026-05-31 09:16:20.816482,0,0
0,2026-05-31 09:17:20.816012,121859271,24.62,1
0,2026-05-31 09:17:24.128024,121859271,16.97,2
solo,2026-05-31 09:17:24.331561,0,0
OPEN,2026-05-31 09:17:44.332339,0,0
0,2026-05-31 09:18:03.698731,121859271,24.13,2
0,2026-05-31 09:18:07.776835,121859271,-17.36,1
solo,2026-05-31 09:18:07.981098,0,0
OPEN,2026-05-31 09:18:27.981801,0,0
0,2026-05-31 09:23:53.191414,12186133157,1.84,1
0,2026-05-31 09:23:57.119694,12186133157,13.05,2
solo,2026-05-31 09:23:57.324452,0,0
OPEN,2026-05-31 09:24:17.325196,0,0
0,2026-05-31 09:24:45.608915,1218496122,8.31,1
0,2026-05-31 09:24:54.993448,1218496122,9.85,2
solo,2026-05-31 09:24:55.198899,0,0
OPEN,2026-05-31 09:25:15.199555,0,0
0,2026-05-31 09:27:29.599430,12186133157,25.47,2
0,2026-05-31 09:27:33.042507,12186133157,-61.53,1
solo,2026-05-31 09:27:33.245603,0,0
OPEN,2026-05-31 09:27:53.246209,0,0
0,2026-05-31 09:28:31.547066,1218496122,14.5,2
0,2026-05-31 09:28:36.954019,1218496122,-1.91,1
solo,2026-05-31 09:28:37.157626,0,0
OPEN,2026-05-31 09:28:57.158983,0,0
0,2026-05-31 09:32:21.677465,121859271,23.36,1
0,2026-05-31 09:32:25.223075,121859271,18.31,2
solo,2026-05-31 09:32:25.427931,0,0
OPEN,2026-05-31 09:32:45.428684,0,0
0,2026-05-31 09:34:20.234665,121859271,23.69,2
0,2026-05-31 09:34:27.100372,121859271,-17.34,1
solo,2026-05-31 09:34:27.304333,0,0
OPEN,2026-05-31 09:34:47.305193,0,0
0,2026-05-31 11:10:14.020409,121839170,25.52,1
0,2026-05-31 11:10:16.966102,121839170,18.43,2
solo,2026-05-31 11:10:17.171094,0,0
OPEN,2026-05-31 11:10:37.171869,0,0
0,2026-05-31 11:14:22.972962,121839170,23.91,2
0,2026-05-31 11:14:28.584220,121839170,-13.33,1
solo,2026-05-31 11:14:28.787687,0,0
OPEN,2026-05-31 11:14:48.788342,0,0
0,2026-05-31 11:15:21.833508,121836132,15.97,1
0,2026-05-31 11:15:25.673906,121836132,7.42,2
solo,2026-05-31 11:15:25.879130,0,0
OPEN,2026-05-31 11:15:45.880192,0,0
0,2026-05-31 11:16:26.840598,121839170,23.38,1
0,2026-05-31 11:16:29.734647,121839170,19.66,2
solo,2026-05-31 11:16:29.938785,0,0
OPEN,2026-05-31 11:16:49.939795,0,0
0,2026-05-31 11:17:05.248267,121859271,22.94,1
0,2026-05-31 11:17:08.633132,121859271,5.82,2
solo,2026-05-31 11:17:08.837720,0,0
OPEN,2026-05-31 11:17:28.838384,0,0
0,2026-05-31 11:19:51.975735,121836132,20.67,2
0,2026-05-31 11:19:55.916272,121836132,-46.37,1
solo,2026-05-31 11:19:56.120142,0,0
OPEN,2026-05-31 11:20:16.120913,0,0
0,2026-05-31 11:20:26.927356,121859271,22.89,2
0,2026-05-31 11:20:32.084176,121859271,-13.48,1
solo,2026-05-31 11:20:32.289160,0,0
OPEN,2026-05-31 11:20:52.289884,0,0
0,2026-05-31 11:21:15.593729,121836132,-12.65,1
0,2026-05-31 11:21:20.252142,121836132,0.85,2
solo,2026-05-31 11:21:20.456880,0,0
OPEN,2026-05-31 11:21:40.457627,0,0
0,2026-05-31 11:22:00.797584,121839170,24.51,2
0,2026-05-31 11:22:04.530818,121839170,-8.03,1
solo,2026-05-31 11:22:04.734225,0,0
OPEN,2026-05-31 11:22:24.735062,0,0
0,2026-05-31 11:22:58.487860,12186133157,-16.56,1
1,2026-05-31 11:23:00.848163,121839170,23.19,1
followerA,2026-05-31 11:23:01.051373,0,0
sequence,2026-05-31 11:23:01.187598,0,0
0,2026-05-31 11:23:02.386212,12186133157,10.11,2
1,2026-05-31 11:23:03.952391,121839170,18.76,2
followerB,2026-05-31 11:23:04.156362,0,0
OPEN,2026-05-31 11:23:24.158386,0,0
0,2026-05-31 11:25:25.081821,12186133157,23.67,2
0,2026-05-31 11:25:28.240917,12186133157,-65.65,1
solo,2026-05-31 11:25:28.445950,0,0
OPEN,2026-05-31 11:25:48.448672,0,0
0,2026-05-31 11:26:48.188466,121836132,23.21,2
0,2026-05-31 11:26:51.726468,121836132,-15.32,1
solo,2026-05-31 11:26:51.931271,0,0
OPEN,2026-05-31 11:27:11.931877,0,0
0,2026-05-31 11:27:35.817917,121859271,24.04,1
0,2026-05-31 11:27:39.338768,121859271,19.11,2
solo,2026-05-31 11:27:39.543487,0,0
OPEN,2026-05-31 11:27:59.544315,0,0
0,2026-05-31 11:28:53.468819,121839170,24.77,2
0,2026-05-31 11:28:57.088893,121839170,-8.34,1
solo,2026-05-31 11:28:57.292604,0,0
OPEN,2026-05-31 11:29:17.293267,0,0
0,2026-05-31 11:29:21.972831,12186133157,-15.6,1
0,2026-05-31 11:29:25.587519,12186133157,20.12,2
solo,2026-05-31 11:29:25.792917,0,0
OPEN,2026-05-31 11:29:45.793603,0,0
0,2026-05-31 11:30:00.148019,12186133157,24.27,2
0,2026-05-31 11:30:03.354224,12186133157,-63.57,1
solo,2026-05-31 11:30:03.558268,0,0
OPEN,2026-05-31 11:30:23.559055,0,0
0,2026-05-31 11:31:10.125380,121859271,23.07,2
0,2026-05-31 11:31:19.970178,121859271,-0.07,1
solo,2026-05-31 11:31:20.175411,0,0
OPEN,2026-05-31 11:31:40.176014,0,0
0,2026-05-31 11:32:03.224448,121836132,9.08,1
0,2026-05-31 11:32:07.640204,121836132,2.99,2
solo,2026-05-31 11:32:07.845440,0,0
OPEN,2026-05-31 11:32:27.846190,0,0
0,2026-05-31 11:32:54.786818,121836132,22.0,2
0,2026-05-31 11:33:00.223197,121836132,-74.31,1
solo,2026-05-31 11:33:00.428509,0,0
OPEN,2026-05-31 11:33:20.429215,0,0
0,2026-05-31 11:40:52.710541,121839170,23.4,1
0,2026-05-31 11:40:56.715636,121839170,9.42,2
solo,2026-05-31 11:40:56.920157,0,0
OPEN,2026-05-31 11:41:16.920841,0,0
0,2026-05-31 11:41:39.300017,121859271,22.87,1
0,2026-05-31 11:41:48.529983,121859271,11.54,2
solo,2026-05-31 11:41:48.733499,0,0
1,2026-05-31 11:41:52.643784,121859271,14.25,2
OPEN,2026-05-31 11:42:12.847599,0,0
0,2026-05-31 11:44:57.218425,121859271,22.67,2
0,2026-05-31 11:45:02.506213,121859271,-10.01,1
solo,2026-05-31 11:45:02.710759,0,0
OPEN,2026-05-31 11:45:22.711563,0,0
0,2026-05-31 11:45:52.106540,121859271,23.38,1
0,2026-05-31 11:45:58.781339,121859271,11.25,2
solo,2026-05-31 11:45:58.986116,0,0
OPEN,2026-05-31 11:46:18.986859,0,0
0,2026-05-31 11:46:31.555581,121859271,23.03,2
0,2026-05-31 11:46:40.149192,121859271,-12.12,1
solo,2026-05-31 11:46:40.353348,0,0
OPEN,2026-05-31 11:47:00.353997,0,0
0,2026-05-31 11:47:17.980272,121839170,25.54,2
0,2026-05-31 11:47:23.986347,121839170,-14.65,1
solo,2026-05-31 11:47:24.190475,0,0
OPEN,2026-05-31 11:47:44.191222,0,0
0,2026-05-31 11:49:18.466383,121836132,8.72,1
OPEN,2026-05-31 11:49:44.784325,0,0
0,2026-05-31 11:51:31.865984,121839170,24.15,1
0,2026-05-31 11:51:38.759318,121839170,13.34,2
solo,2026-05-31 11:51:38.964252,0,0
OPEN,2026-05-31 11:51:58.965095,0,0
0,2026-05-31 11:52:33.534069,121859271,23.54,1
0,2026-05-31 11:52:38.529,121859271,12.15,2
solo,2026-05-31 11:52:38.734147,0,0
OPEN,2026-05-31 11:52:58.734921,0,0
0,2026-05-31 11:53:00.373001,121839170,24.91,2
0,2026-05-31 11:53:05.942569,121839170,-10.17,1
solo,2026-05-31 11:53:06.147787,0,0
OPEN,2026-05-31 11:53:26.148480,0,0
0,2026-05-31 11:53:28.429678,121836132,22.1,2
0,2026-05-31 11:53:33.006203,121836132,-63.72,1
solo,2026-05-31 11:53:33.210317,0,0
OPEN,2026-05-31 11:53:53.211023,0,0
0,2026-05-31 11:54:44.737969,121836132,10.05,1
0,2026-05-31 11:54:48.947454,121836132,3.32,2
solo,2026-05-31 11:54:49.152601,0,0
OPEN,2026-05-31 11:55:09.153256,0,0
0,2026-05-31 11:55:26.779384,12186133157,-16.89,1
0,2026-05-31 11:55:30.993064,12186133157,12.06,2
solo,2026-05-31 11:55:33.057731,0,0
OPEN,2026-05-31 11:55:53.058483,0,0
0,2026-05-31 11:56:00.524166,121859271,23.44,2
0,2026-05-31 11:56:08.357661,121859271,-12.49,1
solo,2026-05-31 11:56:08.563025,0,0
OPEN,2026-05-31 11:56:28.563715,0,0
0,2026-05-31 11:56:36.027717,12186133157,24.39,2
0,2026-05-31 11:56:39.030945,12186133157,-54.59,1
solo,2026-05-31 11:56:39.235273,0,0
OPEN,2026-05-31 11:56:59.236025,0,0
0,2026-05-31 11:58:16.078905,121836132,21.58,2
0,2026-05-31 11:58:20.243303,121836132,-80.49,1
solo,2026-05-31 11:58:20.447128,0,0
OPEN,2026-05-31 11:58:40.447724,0,0
0,2026-05-31 11:59:41.668826,12186133157,-12.21,1
0,2026-05-31 11:59:45.339217,12186133157,19.61,2
solo,2026-05-31 11:59:45.543121,0,0
OPEN,2026-05-31 12:00:05.543908,0,0
0,2026-05-31 12:01:04.254493,12186133157,23.51,2
0,2026-05-31 12:01:07.195108,12186133157,-34.59,1
solo,2026-05-31 12:01:07.399506,0,0
OPEN,2026-05-31 12:01:27.400173,0,0
0,2026-05-31 12:02:19.877678,121859271,-9.48,1
1,2026-05-31 12:02:20.668997,121836132,18.54,1
followerA,2026-05-31 12:02:20.873252,0,0
sequence,2026-05-31 12:02:21.281703,0,0
0,2026-05-31 12:02:23.689139,121859271,9.55,2
1,2026-05-31 12:02:24.978036,121836132,-0.18,2
followerB,2026-05-31 12:02:25.183265,0,0
OPEN,2026-05-31 12:02:45.185721,0,0
0,2026-05-31 12:02:47.928592,1218496122,-4.09,1
0,2026-05-31 12:02:50.513440,121859271,23.32,2
start Lindzey,2026-05-31 12:03:00.586818,0,0
1,2026-05-31 12:03:07.378823,1218496122,19.93,2
followerB,2026-05-31 12:03:07.583238,0,0
End Lindzey,2026-05-31 12:03:17.584761,0,0
OPEN,2026-05-31 12:03:27.585163,0,0
0,2026-05-31 12:04:15.458224,121859271,24.03,2
0,2026-05-31 12:04:21.315748,121859271,-34.39,1
solo,2026-05-31 12:04:21.519576,0,0
OPEN,2026-05-31 12:04:41.520237,0,0
0,2026-05-31 12:05:05.367110,121839170,23.58,1
0,2026-05-31 12:05:12.417025,121839170,13.94,2
solo,2026-05-31 12:05:12.622299,0,0
OPEN,2026-05-31 12:05:32.622955,0,0
0,2026-05-31 12:05:57.161217,121836132,21.81,2
0,2026-05-31 12:06:01.121220,121836132,-74.05,1
solo,2026-05-31 12:06:01.324961,0,0
OPEN,2026-05-31 12:06:21.325603,0,0
0,2026-05-31 12:07:30.348546,121836132,10.6,1
0,2026-05-31 12:07:37.013897,121836132,1.58,2
solo,2026-05-31 12:07:37.218882,0,0
OPEN,2026-05-31 12:07:57.219634,0,0
0,2026-05-31 12:08:41.883121,121836132,22.84,2
0,2026-05-31 12:08:47.234807,121836132,-22.97,1
solo,2026-05-31 12:08:47.439203,0,0
OPEN,2026-05-31 12:09:07.439933,0,0
0,2026-05-31 12:09:48.547695,1218496122,16.32,2
0,2026-05-31 12:09:59.725888,1218496122,-2.33,1
solo,2026-05-31 12:09:59.930676,0,0
1,2026-05-31 12:10:01.529250,1218496122,0.56,1
OPEN,2026-05-31 12:10:21.734366,0,0
0,2026-05-31 12:10:23.649896,121839170,24.63,2
0,2026-05-31 12:10:28.408561,121839170,-15.23,1
solo,2026-05-31 12:10:28.612503,0,0
OPEN,2026-05-31 12:10:48.613270,0,0
0,2026-05-31 12:11:09.956721,12186133157,10.29,1
0,2026-05-31 12:11:13.642548,12186133157,22.78,2
solo,2026-05-31 12:11:13.847236,0,0
OPEN,2026-05-31 12:11:33.847910,0,0
0,2026-05-31 12:13:44.020828,121859271,23.97,1
0,2026-05-31 12:13:47.243562,121859271,17.4,2
solo,2026-05-31 12:13:47.448018,0,0
OPEN,2026-05-31 12:14:07.448711,0,0
0,2026-05-31 12:14:59.802633,121859271,24.64,2
0,2026-05-31 12:15:06.666739,121859271,-8.39,1
solo,2026-05-31 12:15:06.870385,0,0
OPEN,2026-05-31 12:15:26.871057,0,0
0,2026-05-31 12:15:45.699759,121839170,24.05,1
OPEN,2026-05-31 12:16:06.911493,0,0
0,2026-05-31 12:16:35.661764,12186133157,21.18,2
0,2026-05-31 12:16:40.995028,12186133157,-69.12,1
solo,2026-05-31 12:16:41.199210,0,0
OPEN,2026-05-31 12:17:01.199859,0,0
0,2026-05-31 12:17:19.969489,121839170,25.4,2
0,2026-05-31 12:17:25.244791,121839170,-14.99,1
solo,2026-05-31 12:17:25.448108,0,0
OPEN,2026-05-31 12:17:45.448788,0,0
0,2026-05-31 12:17:59.382858,1218496122,15.64,1
0,2026-05-31 12:18:05.003447,1218496122,7.92,2
solo,2026-05-31 12:18:05.209015,0,0
OPEN,2026-05-31 12:18:25.210441,0,0
0,2026-05-31 12:20:38.408119,1218496122,14.34,2
0,2026-05-31 12:20:54.169614,1218496122,0.1,1
solo,2026-05-31 12:20:54.374173,0,0
1,2026-05-31 12:20:55.280559,1218496122,-0.05,1
OPEN,2026-05-31 12:21:15.485818,0,0
0,2026-05-31 12:21:49.182804,1218496122,6.74,1
1,2026-05-31 12:21:52.031087,121839170,33.49,1
followerA,2026-05-31 12:21:52.235504,0,0
sequence,2026-05-31 12:21:53.713521,0,0
0,2026-05-31 12:21:57.597279,1218496122,3.83,2
1,2026-05-31 12:21:58.999380,121839170,15.52,2
followerB,2026-05-31 12:21:59.203365,0,0
OPEN,2026-05-31 12:22:19.205675,0,0
0,2026-05-31 12:24:12.965451,121839170,25.01,2
0,2026-05-31 12:24:17.184358,121839170,-19.4,1
solo,2026-05-31 12:24:17.388858,0,0
OPEN,2026-05-31 12:24:37.389680,0,0
0,2026-05-31 12:27:42.366056,12186133157,2.07,1
0,2026-05-31 12:27:46.029909,12186133157,18.59,2
solo,2026-05-31 12:27:46.233777,0,0
OPEN,2026-05-31 12:28:06.234569,0,0
0,2026-05-31 12:28:19.358803,12186133157,25.31,2
0,2026-05-31 12:28:22.331592,12186133157,-80.29,1
solo,2026-05-31 12:28:22.535925,0,0
OPEN,2026-05-31 12:28:42.536747,0,0
0,2026-05-31 12:28:50.806747,1218496122,20.97,2
0,2026-05-31 12:28:56.632224,1218496122,-0.66,1
solo,2026-05-31 12:28:56.836493,0,0
OPEN,2026-05-31 12:29:16.837744,0,0
0,2026-05-31 12:30:29.280134,121839170,23.94,1
0,2026-05-31 12:30:34.397181,121839170,8.18,2
solo,2026-05-31 12:30:34.602211,0,0
OPEN,2026-05-31 12:30:54.602969,0,0
0,2026-05-31 12:37:17.697246,121839170,24.28,2
0,2026-05-31 12:37:24.781657,121839170,-15.98,1
solo,2026-05-31 12:37:24.985272,0,0
OPEN,2026-05-31 12:37:44.986725,0,0
0,2026-05-31 12:39:02.587536,121839170,24.61,1
0,2026-05-31 12:39:10.472957,121839170,9.11,2
solo,2026-05-31 12:39:10.677392,0,0
OPEN,2026-05-31 12:39:30.678671,0,0
0,2026-05-31 12:41:02.047273,121839170,21.18,2
1,2026-05-31 12:41:07.731582,121839170,24.17,2
OPEN,2026-05-31 12:41:27.731960,0,0
0,2026-05-31 12:41:48.007014,121839170,-13.7,1
OPEN,2026-05-31 12:42:08.007516,0,0
0,2026-05-31 12:42:27.229230,121839170,23.85,1
1,2026-05-31 12:42:29.742093,121839170,24.98,1
OPEN,2026-05-31 12:42:52.995254,0,0
0,2026-05-31 12:42:55.902081,121839170,24.22,2
1,2026-05-31 12:43:00.508907,121839170,24.75,2
2,2026-05-31 12:43:04.919171,121839170,23.53,2
OPEN,2026-05-31 12:43:24.919569,0,0
0,2026-05-31 12:43:31.999066,121839170,-109.68,1
OPEN,2026-05-31 12:43:51.999665,0,0
0,2026-05-31 12:44:01.973467,121839170,23.48,1
OPEN,2026-05-31 12:44:21.974202,0,0
0,2026-05-31 12:45:23.674144,121839170,23.24,1
OPEN,2026-05-31 12:45:43.674859,0,0
0,2026-05-31 12:46:00.606136,121839170,24.44,1
1,2026-05-31 12:46:02.270115,121839170,24.71,1
2,2026-05-31 12:46:04.912647,121839170,22.11,1
3,2026-05-31 12:46:07.686325,121839170,17.43,1
4,2026-05-31 12:46:13.950649,121839170,14.6,1
5,2026-05-31 12:46:15.226360,121839170,20.57,1
OPEN,2026-05-31 12:46:36.842636,0,0
0,2026-05-31 12:46:39.639476,121839170,22.13,2
0,2026-05-31 12:46:55.757627,121839170,-8.83,1
solo,2026-05-31 12:46:55.962186,0,0
OPEN,2026-05-31 12:47:15.962925,0,0
0,2026-05-31 12:47:25.569186,121839170,24.01,1
0,2026-05-31 12:47:34.381231,121839170,10.5,2
solo,2026-05-31 12:47:34.586736,0,0
OPEN,2026-05-31 12:47:54.587475,0,0
0,2026-05-31 12:48:04.130654,121839170,25.14,2
OPEN,2026-05-31 12:48:24.962770,0,0
0,2026-05-31 12:48:27.717079,121839170,25.01,1
OPEN,2026-05-31 12:48:47.717897,0,0
0,2026-05-31 12:48:53.825491,121839170,24.47,1
1,2026-05-31 12:49:01.780662,121839170,21.95,1
2,2026-05-31 12:49:05.108883,121839170,15.54,1
3,2026-05-31 12:49:06.446454,121839170,21.82,1
4,2026-05-31 12:49:09.480722,121839170,17.72,1
OPEN,2026-05-31 12:49:34.550803,0,0
0,2026-05-31 12:49:39.235834,121839170,24.42,2
OPEN,2026-05-31 12:50:07.086241,0,0
0,2026-05-31 12:50:17.135333,121839170,24.04,1
1,2026-05-31 12:50:24.672340,121839170,23.31,1
2,2026-05-31 12:50:31.295705,121839170,24.17,1
3,2026-05-31 12:50:34.526185,121839170,24.37,1
4,2026-05-31 12:50:39.811792,121839170,19.77,1
5,2026-05-31 12:50:43.661935,121839170,23.19,1
OPEN,2026-05-31 12:51:09.635825,0,0
0,2026-05-31 12:55:45.597956,121839170,24.66,2
0,2026-05-31 12:55:49.731411,121839170,-15.19,1
solo,2026-05-31 12:55:49.934903,0,0
OPEN,2026-05-31 12:56:09.935660,0,0
0,2026-05-31 12:58:20.911774,121839170,24.77,1
OPEN,2026-05-31 12:58:40.961734,0,0
0,2026-05-31 13:02:02.915394,121839170,23.64,2
0,2026-05-31 13:02:07.364936,121839170,-13.22,1
solo,2026-05-31 13:02:07.569203,0,0
OPEN,2026-05-31 13:02:27.569927,0,0
0,2026-05-31 13:09:19.592078,121839170,24.6,1
0,2026-05-31 13:09:24.005461,121839170,8.87,2
solo,2026-05-31 13:09:24.209793,0,0
OPEN,2026-05-31 13:09:44.210527,0,0
0,2026-05-31 13:15:36.806448,121839170,22.07,2
0,2026-05-31 13:15:42.241467,121839170,-23.46,1
solo,2026-05-31 13:15:42.445635,0,0
OPEN,2026-05-31 13:16:02.446382,0,0
0,2026-05-31 14:11:16.608287,121859271,23.49,1
OPEN,2026-05-31 14:11:39.933321,0,0
0,2026-05-31 14:13:02.145275,121836132,-9.24,1
0,2026-05-31 14:13:09.220888,121836132,9.63,2
solo,2026-05-31 14:13:09.427053,0,0
OPEN,2026-05-31 14:13:29.427829,0,0
0,2026-05-31 14:17:08.805727,121836132,21.79,2
0,2026-05-31 14:17:12.685643,121836132,-64.57,1
solo,2026-05-31 14:17:12.891387,0,0
OPEN,2026-05-31 14:17:32.892607,0,0
0,2026-05-31 14:18:14.999923,121836132,-6.72,1
0,2026-05-31 14:18:18.352443,121836132,3.81,2
solo,2026-05-31 14:18:18.556305,0,0
OPEN,2026-05-31 14:18:38.557517,0,0
0,2026-05-31 14:19:05.669887,121859271,24.05,2
0,2026-05-31 14:19:13.828041,121859271,-1.15,1
solo,2026-05-31 14:19:14.032084,0,0
OPEN,2026-05-31 14:19:34.032855,0,0
0,2026-05-31 14:23:09.881310,121836132,20.61,2
0,2026-05-31 14:23:13.990920,121836132,-75.15,1
solo,2026-05-31 14:23:14.194126,0,0
OPEN,2026-05-31 14:23:34.194978,0,0
0,2026-05-31 14:24:51.445291,12186133157,-14.11,1
0,2026-05-31 14:24:57.265228,12186133157,12.87,2
solo,2026-05-31 14:24:57.474963,0,0
OPEN,2026-05-31 14:25:17.475808,0,0
0,2026-05-31 14:25:38.093520,121836132,9.34,1
0,2026-05-31 14:25:41.366261,121836132,1.19,2
solo,2026-05-31 14:25:41.570078,0,0
OPEN,2026-05-31 14:26:01.570688,0,0
0,2026-05-31 14:26:02.681756,12186133157,24.54,2
0,2026-05-31 14:26:05.857627,12186133157,-70.12,1
solo,2026-05-31 14:26:06.060778,0,0
OPEN,2026-05-31 14:26:26.061611,0,0
0,2026-05-31 14:27:02.965657,12186133157,1.63,1
0,2026-05-31 14:27:06.347791,12186133157,10.89,2
solo,2026-05-31 14:27:06.552016,0,0
OPEN,2026-05-31 14:27:26.552684,0,0
0,2026-05-31 14:28:03.027438,121859271,22.61,1
0,2026-05-31 14:28:09.782281,121859271,9.81,2
solo,2026-05-31 14:28:09.987246,0,0
OPEN,2026-05-31 14:28:29.988715,0,0
0,2026-05-31 14:28:31.648466,1218496122,4.51,1
0,2026-05-31 14:28:36.424161,121859271,19.51,2
1,2026-05-31 14:28:37.200627,1218496122,21.28,2
followerB,2026-05-31 14:28:37.406777,0,0
sequence,2026-05-31 14:28:38.842725,0,0
OPEN,2026-05-31 14:28:58.843885,0,0
0,2026-05-31 14:29:01.119458,121859271,22.81,2
1,2026-05-31 14:29:01.852622,121836132,22.69,2
0,2026-05-31 14:29:05.811972,121859271,-15.71,1
sequence,2026-05-31 14:29:06.015952,0,0
1,2026-05-31 14:29:07.195931,121836132,-66.66,1
OPEN,2026-05-31 14:29:27.400817,0,0
0,2026-05-31 14:30:46.244006,12186133157,26.94,2
0,2026-05-31 14:30:49.236497,12186133157,-29.81,1
solo,2026-05-31 14:30:49.442282,0,0
OPEN,2026-05-31 14:31:09.443034,0,0
0,2026-05-31 14:32:07.549464,12186133157,-1.2,1
0,2026-05-31 14:32:14.278671,12186133157,11.79,2
solo,2026-05-31 14:32:14.483675,0,0
OPEN,2026-05-31 14:32:34.484369,0,0
0,2026-05-31 14:33:55.602636,12186133157,23.59,2
0,2026-05-31 14:33:56.403848,121859271,24.9,1
start Lindzey,2026-05-31 14:33:58.190207,0,0
1,2026-05-31 14:33:58.981587,121859271,24.96,1
2,2026-05-31 14:34:00.908204,12186133157,34.31,1
End Lindzey,2026-05-31 14:34:11.114724,0,0
OPEN,2026-05-31 14:34:21.115775,0,0
0,2026-05-31 14:34:24.814982,1218496122,20.52,2
0,2026-05-31 14:34:29.901585,1218496122,-0.78,1
solo,2026-05-31 14:34:30.105139,0,0
OPEN,2026-05-31 14:34:50.106071,0,0
0,2026-05-31 14:35:10.562500,121836132,10.25,1
0,2026-05-31 14:35:13.831889,121836132,2.01,2
solo,2026-05-31 14:35:14.035897,0,0
OPEN,2026-05-31 14:35:34.036605,0,0
0,2026-05-31 14:35:41.011197,121836132,21.95,2
0,2026-05-31 14:35:43.935052,121839170,26.17,1
start Lindzey,2026-05-31 14:35:44.293989,0,0
1,2026-05-31 14:36:04.346597,121836132,-17.9,2
2,2026-05-31 14:36:06.509414,121839170,19.93,2
followerB,2026-05-31 14:36:06.713273,0,0
End Lindzey,2026-05-31 14:36:16.715209,0,0
OPEN,2026-05-31 14:36:26.715621,0,0
0,2026-05-31 14:37:13.481374,121859271,24.54,1
0,2026-05-31 14:37:21.594601,121859271,10.15,2
solo,2026-05-31 14:37:21.800898,0,0
OPEN,2026-05-31 14:37:41.801692,0,0
0,2026-05-31 14:38:16.933220,121839170,25.09,2
0,2026-05-31 14:38:21.277814,121839170,-3.7,1
solo,2026-05-31 14:38:21.481739,0,0
OPEN,2026-05-31 14:38:41.482933,0,0
0,2026-05-31 14:38:56.291836,121836132,22.58,2
0,2026-05-31 14:39:02.024357,121836132,-6.41,1
solo,2026-05-31 14:39:02.229084,0,0
OPEN,2026-05-31 14:39:22.229820,0,0
0,2026-05-31 14:41:58.437194,121859271,24.51,2
0,2026-05-31 14:42:03.607942,121859271,-6.14,1
solo,2026-05-31 14:42:03.812006,0,0
OPEN,2026-05-31 14:42:23.812816,0,0
0,2026-05-31 14:42:25.979080,12186133157,-19.75,1
0,2026-05-31 14:42:29.564130,12186133157,20.0,2
solo,2026-05-31 14:42:29.767660,0,0
OPEN,2026-05-31 14:42:49.768264,0,0
0,2026-05-31 14:43:15.236617,12186133157,22.37,2
0,2026-05-31 14:43:18.324903,12186133157,-76.71,1
solo,2026-05-31 14:43:18.528862,0,0
OPEN,2026-05-31 14:43:38.529627,0,0
0,2026-05-31 14:45:32.243011,12186133157,-8.32,1
0,2026-05-31 14:45:36.019905,12186133157,18.05,2
solo,2026-05-31 14:45:36.224189,0,0
OPEN,2026-05-31 14:45:56.224796,0,0
0,2026-05-31 14:49:06.860440,12186133157,26.28,2
0,2026-05-31 14:49:13.977340,12186133157,-27.55,1
solo,2026-05-31 14:49:14.180808,0,0
OPEN,2026-05-31 14:49:34.181563,0,0
0,2026-05-31 14:50:27.288490,121859271,24.73,1
0,2026-05-31 14:50:32.824876,121859271,13.07,2
solo,2026-05-31 14:50:33.028687,0,0
OPEN,2026-05-31 14:50:53.029427,0,0
0,2026-05-31 14:51:06.781208,12186133157,6.56,1
0,2026-05-31 14:51:10.283177,12186133157,8.81,2
solo,2026-05-31 14:51:10.487103,0,0
OPEN,2026-05-31 14:51:30.487871,0,0
0,2026-05-31 14:51:45.861474,12186133157,23.54,2
0,2026-05-31 14:51:48.754330,12186133157,-85.41,1
solo,2026-05-31 14:51:48.959027,0,0
OPEN,2026-05-31 14:52:08.959693,0,0
0,2026-05-31 14:53:56.229630,121859271,25.35,2
0,2026-05-31 14:54:01.653918,121859271,-13.66,1
solo,2026-05-31 14:54:01.858128,0,0
OPEN,2026-05-31 14:54:21.858886,0,0
0,2026-05-31 14:54:34.635364,121836132,-7.25,1
0,2026-05-31 14:54:40.252437,121836132,5.09,2
solo,2026-05-31 14:54:40.455987,0,0
OPEN,2026-05-31 14:55:00.456622,0,0
0,2026-05-31 14:55:54.831564,12186133157,-13.0,1
1,2026-05-31 14:55:57.220454,121859271,23.83,1
followerA,2026-05-31 14:55:57.425328,0,0
sequence,2026-05-31 14:55:57.486198,0,0
0,2026-05-31 14:55:58.049995,12186133157,20.34,2
1,2026-05-31 14:56:00.854126,121859271,17.68,2
followerB,2026-05-31 14:56:01.058528,0,0
OPEN,2026-05-31 14:56:21.061241,0,0
0,2026-05-31 14:56:35.118439,12186133157,25.25,2
0,2026-05-31 14:56:38.181279,12186133157,-86.63,1
solo,2026-05-31 14:56:38.384521,0,0
OPEN,2026-05-31 14:56:58.385190,0,0
0,2026-05-31 14:57:17.006725,121859271,24.26,2
0,2026-05-31 14:57:21.592453,121859271,-10.33,1
solo,2026-05-31 14:57:21.795753,0,0
OPEN,2026-05-31 14:57:41.796486,0,0
0,2026-05-31 14:57:47.490682,12186133157,9.66,1
0,2026-05-31 14:57:50.629925,12186133157,16.54,2
solo,2026-05-31 14:57:52.236413,0,0
OPEN,2026-05-31 14:58:12.237137,0,0
0,2026-05-31 14:58:16.755208,121836132,21.36,2
1,2026-05-31 14:58:18.499879,12186133157,26.81,2
0,2026-05-31 14:58:21.285653,121836132,-61.46,1
sequence,2026-05-31 14:58:21.490904,0,0
1,2026-05-31 14:58:23.659362,12186133157,-120.34,1
OPEN,2026-05-31 14:58:43.864210,0,0
0,2026-05-31 14:59:05.480446,12186133157,2.99,1
0,2026-05-31 14:59:09.038182,12186133157,15.96,2
solo,2026-05-31 14:59:09.242150,0,0
OPEN,2026-05-31 14:59:29.242864,0,0
0,2026-05-31 15:01:16.630037,121859271,22.65,1
0,2026-05-31 15:01:21.001142,121859271,8.34,2
solo,2026-05-31 15:01:21.205571,0,0
OPEN,2026-05-31 15:01:41.206189,0,0
0,2026-05-31 15:01:51.068101,121836132,9.14,1
0,2026-05-31 15:01:55.679053,121836132,9.03,2
solo,2026-05-31 15:01:55.883202,0,0
OPEN,2026-05-31 15:02:15.883909,0,0
0,2026-05-31 15:02:28.146269,12186133157,24.53,2
0,2026-05-31 15:02:31.389420,12186133157,-5.92,1
solo,2026-05-31 15:02:31.593100,0,0
OPEN,2026-05-31 15:02:51.593849,0,0
0,2026-05-31 15:05:56.896468,121859271,23.71,2
0,2026-05-31 15:06:02.226206,121859271,-5.77,1
solo,2026-05-31 15:06:02.431681,0,0
OPEN,2026-05-31 15:06:22.432360,0,0
0,2026-05-31 15:07:32.990215,12186133157,24.19,1
0,2026-05-31 15:07:36.069847,12186133157,7.87,2
solo,2026-05-31 15:07:36.274864,0,0
OPEN,2026-05-31 15:07:56.275572,0,0
0,2026-05-31 15:09:31.640484,121836132,22.08,2
0,2026-05-31 15:09:35.861228,121836132,-82.65,1
solo,2026-05-31 15:09:36.064872,0,0
OPEN,2026-05-31 15:09:56.065475,0,0
0,2026-05-31 15:11:42.878194,12186133157,24.83,2
0,2026-05-31 15:11:46.172385,12186133157,-70.27,1
solo,2026-05-31 15:11:46.376461,0,0
OPEN,2026-05-31 15:12:06.377210,0,0
0,2026-05-31 15:13:08.942689,121859271,23.78,1
0,2026-05-31 15:13:13.246734,121859271,16.0,2
solo,2026-05-31 15:13:13.451860,0,0
OPEN,2026-05-31 15:13:33.452554,0,0
0,2026-05-31 15:13:49.568125,121859271,23.0,2
0,2026-05-31 15:13:59.015946,121859271,-11.71,1
solo,2026-05-31 15:13:59.219478,0,0
OPEN,2026-05-31 15:14:19.220234,0,0
0,2026-05-31 15:15:48.635321,121836132,14.6,1
0,2026-05-31 15:15:51.825405,121836132,3.36,2
solo,2026-05-31 15:15:52.030430,0,0
OPEN,2026-05-31 15:16:12.031019,0,0
0,2026-05-31 15:17:27.256290,121836132,21.18,2
0,2026-05-31 15:17:32.373709,121836132,-6.68,1
solo,2026-05-31 15:17:32.578250,0,0
OPEN,2026-05-31 15:17:52.578934,0,0
0,2026-05-31 15:17:59.226850,121859271,-7.81,1
1,2026-05-31 15:18:00.011283,12186133157,24.96,1
followerA,2026-05-31 15:18:00.215046,0,0
2,2026-05-31 15:18:01.291310,121836132,21.86,1
followerA,2026-05-31 15:18:01.496061,0,0
sequence,2026-05-31 15:18:01.833243,0,0
0,2026-05-31 15:18:02.459226,121859271,18.32,2
1,2026-05-31 15:18:03.421593,12186133157,23.17,2
followerB,2026-05-31 15:18:03.625864,0,0
2,2026-05-31 15:18:04.729039,121836132,3.05,2
followerB,2026-05-31 15:18:04.934132,0,0
3,2026-05-31 15:18:09.011841,121836132,22.27,2
OPEN,2026-05-31 15:18:29.215967,0,0
0,2026-05-31 15:18:33.349241,121836132,15.38,2
1,2026-05-31 15:18:34.340692,12186133157,25.89,2
0,2026-05-31 15:18:38.714865,121836132,-62.83,1
sequence,2026-05-31 15:18:38.919775,0,0
1,2026-05-31 15:18:41.482410,12186133157,-87.56,1
OPEN,2026-05-31 15:19:01.685988,0,0
0,2026-05-31 15:19:23.833826,12186133157,-0.9,1
0,2026-05-31 15:19:32.198985,12186133157,10.12,2
solo,2026-05-31 15:19:32.402899,0,0
OPEN,2026-05-31 15:19:52.403588,0,0
0,2026-05-31 15:20:02.377905,12186133157,24.51,2
0,2026-05-31 15:20:12.004086,12186133157,-90.84,1
solo,2026-05-31 15:20:12.208452,0,0
OPEN,2026-05-31 15:20:32.209255,0,0
0,2026-05-31 15:22:52.078489,121859271,24.26,2
0,2026-05-31 15:23:00.905764,121859271,-17.6,1
solo,2026-05-31 15:23:01.109252,0,0
OPEN,2026-05-31 15:23:21.109824,0,0
0,2026-05-31 15:28:40.219111,121859271,23.28,1
0,2026-05-31 15:28:46.451500,121859271,7.25,2
solo,2026-05-31 15:28:46.655666,0,0
OPEN,2026-05-31 15:29:06.656320,0,0
0,2026-05-31 15:31:49.775243,121859271,23.26,2
0,2026-05-31 15:31:55.541909,121839170,23.66,1
start Lindzey,2026-05-31 15:31:57.923133,0,0
1,2026-05-31 15:32:00.045248,121839170,21.4,1
2,2026-05-31 15:32:01.873524,121859271,35.45,1
End Lindzey,2026-05-31 15:32:12.078985,0,0
OPEN,2026-05-31 15:32:22.079333,0,0
0,2026-05-31 15:32:24.349748,121839170,24.98,1
0,2026-05-31 15:32:27.390130,121839170,11.16,2
solo,2026-05-31 15:32:27.594122,0,0
OPEN,2026-05-31 15:32:47.594798,0,0
0,2026-05-31 15:34:17.980461,12186133157,-9.78,1
0,2026-05-31 15:34:22.150770,12186133157,17.95,2
solo,2026-05-31 15:34:22.355601,0,0
OPEN,2026-05-31 15:34:42.356255,0,0
0,2026-05-31 15:35:02.489453,121859271,23.86,1
OPEN,2026-05-31 15:35:23.725670,0,0
0,2026-05-31 15:37:52.055569,121839170,23.84,2
0,2026-05-31 15:37:58.500635,121839170,-11.38,1
solo,2026-05-31 15:37:58.705121,0,0
OPEN,2026-05-31 15:38:18.705800,0,0
0,2026-05-31 15:39:11.589327,121859271,23.7,2
0,2026-05-31 15:39:18.685372,121859271,-12.15,1
solo,2026-05-31 15:39:18.888844,0,0
OPEN,2026-05-31 15:39:38.889647,0,0
0,2026-05-31 15:39:45.183919,12186133157,23.24,2
0,2026-05-31 15:39:50.376281,12186133157,-6.13,1
solo,2026-05-31 15:39:51.770074,0,0
OPEN,2026-05-31 15:40:11.770759,0,0
0,2026-05-31 15:40:13.808193,121839170,23.79,1
0,2026-05-31 15:40:17.576767,121839170,16.53,2
solo,2026-05-31 15:40:17.781137,0,0
OPEN,2026-05-31 15:40:37.781835,0,0
0,2026-05-31 15:40:39.570704,1218496122,4.63,1
1,2026-05-31 15:40:41.257145,12186133157,16.09,1
followerA,2026-05-31 15:40:41.460394,0,0
sequence,2026-05-31 15:40:41.949651,0,0
0,2026-05-31 15:40:43.180527,1218496122,8.57,2
1,2026-05-31 15:40:55.421443,12186133157,13.15,2
followerB,2026-05-31 15:40:55.626621,0,0
OPEN,2026-05-31 15:41:15.630384,0,0
0,2026-05-31 15:41:39.332633,12186133157,23.61,2
0,2026-05-31 15:41:42.474419,12186133157,-58.54,1
solo,2026-05-31 15:41:42.678415,0,0
OPEN,2026-05-31 15:42:02.679090,0,0
0,2026-05-31 15:44:21.082732,121839170,24.43,2
0,2026-05-31 15:44:25.368570,121839170,-11.34,1
solo,2026-05-31 15:44:25.571940,0,0
OPEN,2026-05-31 15:44:45.572681,0,0
0,2026-05-31 15:49:29.181221,121839170,24.03,1
0,2026-05-31 15:49:33.281010,121839170,7.86,2
solo,2026-05-31 15:49:33.487009,0,0
OPEN,2026-05-31 15:49:53.487709,0,0
0,2026-05-31 15:49:59.124424,121859271,23.48,1
0,2026-05-31 15:50:04.186188,121859271,18.37,2
solo,2026-05-31 15:50:04.390400,0,0
OPEN,2026-05-31 15:50:24.391086,0,0
0,2026-05-31 15:50:45.457496,121859271,24.01,2
0,2026-05-31 15:50:51.294603,121859271,-45.98,1
solo,2026-05-31 15:50:51.499553,0,0
OPEN,2026-05-31 15:51:11.500227,0,0
0,2026-05-31 15:51:16.814126,121839170,25.1,2
0,2026-05-31 15:51:21.773011,121839170,-7.5,1
solo,2026-05-31 15:51:21.978551,0,0
OPEN,2026-05-31 15:51:41.978938,0,0
0,2026-05-31 15:51:43.656267,12186133157,-7.01,1
0,2026-05-31 15:51:47.630619,12186133157,5.66,2
solo,2026-05-31 15:51:47.834747,0,0
OPEN,2026-05-31 15:52:07.835433,0,0
0,2026-05-31 15:52:08.899748,1218496122,22.0,2
0,2026-05-31 15:52:13.719641,1218496122,-4.43,1
solo,2026-05-31 15:52:13.923881,0,0
OPEN,2026-05-31 15:52:33.924631,0,0
0,2026-05-31 15:53:16.728786,121859271,23.63,1
0,2026-05-31 15:53:22.506271,121859271,10.74,2
solo,2026-05-31 15:53:22.711032,0,0
OPEN,2026-05-31 15:53:42.711698,0,0
0,2026-05-31 15:53:57.193525,12186133157,25.25,2
0,2026-05-31 15:54:00.671070,12186133157,-84.96,1
solo,2026-05-31 15:54:00.875126,0,0
OPEN,2026-05-31 15:54:20.875846,0,0
0,2026-05-31 15:54:27.207230,1218496122,10.23,1
0,2026-05-31 15:54:43.835914,1218496122,11.02,2
solo,2026-05-31 15:54:44.041022,0,0
OPEN,2026-05-31 15:55:04.041704,0,0
0,2026-05-31 15:55:28.685471,1218496122,19.13,2
0,2026-05-31 15:55:43.772685,1218496122,0.26,1
solo,2026-05-31 15:55:43.976871,0,0
OPEN,2026-05-31 15:56:03.977615,0,0
0,2026-05-31 15:56:17.425361,121859271,23.91,2
0,2026-05-31 15:56:26.243381,121859271,-13.09,1
solo,2026-05-31 15:56:26.447176,0,0
OPEN,2026-05-31 15:56:46.447753,0,0
0,2026-05-31 15:57:02.574521,121839170,18.09,1
1,2026-05-31 15:57:03.737505,1218496122,22.01,1
followerA,2026-05-31 15:57:03.941939,0,0
sequence,2026-05-31 15:57:04.133945,0,0
0,2026-05-31 15:57:05.438193,121839170,15.72,2
1,2026-05-31 15:57:08.527212,1218496122,9.94,2
followerB,2026-05-31 15:57:08.732166,0,0
OPEN,2026-05-31 15:57:28.735014,0,0
0,2026-05-31 15:57:56.698709,1218496122,21.44,2
0,2026-05-31 15:58:02.095380,1218496122,-1.13,1
solo,2026-05-31 15:58:02.299922,0,0
1,2026-05-31 15:58:03.420645,1218496122,-27.14,1
OPEN,2026-05-31 15:58:23.625706,0,0
0,2026-05-31 15:58:29.954377,12186133157,-17.36,1
1,2026-05-31 15:58:33.063381,121859271,23.25,1
followerA,2026-05-31 15:58:33.267398,0,0
0,2026-05-31 15:58:33.272095,12186133157,23.35,2
2,2026-05-31 15:58:35.382608,121859271,25.34,1
sequence,2026-05-31 15:58:36.187318,0,0
1,2026-05-31 15:58:49.541030,121859271,10.61,2
followerB,2026-05-31 15:58:49.744898,0,0
OPEN,2026-05-31 15:59:09.747208,0,0
0,2026-05-31 15:59:16.864975,121859271,24.09,2
1,2026-05-31 15:59:19.633393,12186133157,22.98,2
followerB,2026-05-31 15:59:19.838717,0,0
sequence,2026-05-31 15:59:20.111561,0,0
0,2026-05-31 15:59:23.029119,121859271,-24.56,1
1,2026-05-31 15:59:24.778553,12186133157,-76.35,1
OPEN,2026-05-31 15:59:44.983776,0,0
0,2026-05-31 15:59:49.711737,1218496122,9.89,1
0,2026-05-31 15:59:55.041539,1218496122,8.16,2
solo,2026-05-31 15:59:55.246474,0,0
OPEN,2026-05-31 16:00:15.247072,0,0
0,2026-05-31 16:01:01.552456,121839170,24.86,2
0,2026-05-31 16:01:05.294605,121839170,-16.82,1
solo,2026-05-31 16:01:05.498702,0,0
OPEN,2026-05-31 16:01:25.499384,0,0
0,2026-05-31 16:02:11.370924,121839170,25.03,1
0,2026-05-31 16:02:14.998727,121839170,15.77,2
solo,2026-05-31 16:02:15.203039,0,0
OPEN,2026-05-31 16:02:35.203878,0,0
0,2026-05-31 16:03:31.734196,121859271,23.64,1
0,2026-05-31 16:03:40.918999,121859271,9.13,2
solo,2026-05-31 16:03:42.843345,0,0
OPEN,2026-05-31 16:04:02.844105,0,0
0,2026-05-31 16:04:11.517702,121859271,24.13,2
1,2026-05-31 16:04:12.841216,121839170,25.55,2
0,2026-05-31 16:04:17.069703,121859271,-27.17,1
sequence,2026-05-31 16:04:17.273783,0,0
1,2026-05-31 16:04:19.192271,121839170,-3.83,1
OPEN,2026-05-31 16:04:39.396350,0,0
0,2026-05-31 16:04:56.005334,12186133157,-8.42,1
0,2026-05-31 16:04:59.545472,12186133157,16.87,2
solo,2026-05-31 16:04:59.748726,0,0
OPEN,2026-05-31 16:05:19.749490,0,0
0,2026-05-31 16:06:02.424053,1218496122,23.75,2
0,2026-05-31 16:06:05.947347,1218496122,-0.0,1
solo,2026-05-31 16:06:06.152275,0,0
OPEN,2026-05-31 16:06:26.152928,0,0
0,2026-05-31 16:07:19.565872,1218496122,-15.6,1
0,2026-05-31 16:07:25.156723,1218496122,7.38,2
solo,2026-05-31 16:07:25.361595,0,0
OPEN,2026-05-31 16:07:45.362329,0,0
0,2026-05-31 16:08:10.215590,12186133157,23.46,2
0,2026-05-31 16:08:14.454237,12186133157,-76.48,1
solo,2026-05-31 16:08:14.657413,0,0
OPEN,2026-05-31 16:08:34.658186,0,0
0,2026-05-31 16:11:21.238197,121839170,25.34,1
0,2026-05-31 16:11:25.190902,121839170,12.01,2
solo,2026-05-31 16:11:25.395285,0,0
OPEN,2026-05-31 16:11:45.396037,0,0
0,2026-05-31 16:12:01.298122,12186133157,-0.85,1
0,2026-05-31 16:12:05.723736,12186133157,13.3,2
solo,2026-05-31 16:12:05.927260,0,0
OPEN,2026-05-31 16:12:25.927985,0,0
0,2026-05-31 16:12:37.572135,12186133157,22.94,2
0,2026-05-31 16:12:40.814799,12186133157,-83.81,1
solo,2026-05-31 16:12:41.019125,0,0
OPEN,2026-05-31 16:13:01.019790,0,0
0,2026-05-31 16:13:10.926312,1218496122,24.31,2
0,2026-05-31 16:13:15.886229,1218496122,0.01,1
solo,2026-05-31 16:13:16.090580,0,0
1,2026-05-31 16:13:19.435628,1218496122,-55.08,1
OPEN,2026-05-31 16:13:39.642986,0,0
0,2026-05-31 16:17:59.501377,121839170,25.1,2
0,2026-05-31 16:18:03.851610,121839170,-19.71,1
solo,2026-05-31 16:18:04.056212,0,0
OPEN,2026-05-31 16:18:24.056930,0,0
0,2026-05-31 16:22:41.149280,1218496122,-1.38,1
0,2026-05-31 16:22:53.278970,1218496122,5.67,2
solo,2026-05-31 16:22:53.484507,0,0
OPEN,2026-05-31 16:23:13.485105,0,0
0,2026-05-31 16:23:16.760055,12186133157,7.74,1
0,2026-05-31 16:23:21.054099,12186133157,5.55,2
solo,2026-05-31 16:23:21.259595,0,0
OPEN,2026-05-31 16:23:41.260322,0,0
0,2026-05-31 16:24:23.235711,1218496122,21.54,2
0,2026-05-31 16:24:34.237871,1218496122,0.07,1
solo,2026-05-31 16:24:34.442545,0,0
1,2026-05-31 16:24:35.781427,1218496122,-16.75,1
OPEN,2026-05-31 16:24:55.985806,0,0
0,2026-05-31 16:24:58.332987,121839170,9.04,1
1,2026-05-31 16:24:59.297444,1218496122,16.3,1
followerA,2026-05-31 16:24:59.501850,0,0
sequence,2026-05-31 16:25:00.780498,0,0
0,2026-05-31 16:25:02.167275,121839170,5.91,2
1,2026-05-31 16:25:06.964851,1218496122,7.69,2
followerB,2026-05-31 16:25:07.169604,0,0
2,2026-05-31 16:25:12.386331,1218496122,24.3,2
3,2026-05-31 16:25:20.779787,1218496122,24.87,2
OPEN,2026-05-31 16:25:40.984600,0,0
0,2026-05-31 16:25:56.164556,121839170,21.63,2
1,2026-05-31 16:25:57.688642,1218496122,29.86,2
2,2026-05-31 16:26:00.609073,1218496122,24.07,2
0,2026-05-31 16:26:01.006903,121839170,-18.35,1
sequence,2026-05-31 16:26:01.211696,0,0
OPEN,2026-05-31 16:26:21.212469,0,0
0,2026-05-31 16:26:54.257543,12186133157,23.16,2
0,2026-05-31 16:27:00.940997,12186133157,-84.66,1
solo,2026-05-31 16:27:01.144469,0,0
OPEN,2026-05-31 16:27:21.145128,0,0
0,2026-05-31 16:27:51.800836,1218496122,21.97,2
OPEN,2026-05-31 16:28:11.801254,0,0
0,2026-05-31 16:28:30.331365,121836132,17.85,1
OPEN,2026-05-31 16:28:55.304338,0,0
0,2026-05-31 16:28:58.993871,1218496122,17.67,2
OPEN,2026-05-31 16:29:18.994327,0,0
0,2026-05-31 16:29:43.494392,121839170,24.12,1
0,2026-05-31 16:29:44.353517,1218496122,23.86,2
start Lindzey,2026-05-31 16:29:46.378898,0,0
1,2026-05-31 16:29:52.857065,121839170,29.75,2
followerB,2026-05-31 16:29:53.061590,0,0
End Lindzey,2026-05-31 16:30:03.063723,0,0
OPEN,2026-05-31 16:30:13.064126,0,0
0,2026-05-31 16:30:20.399739,1218496122,22.32,2
1,2026-05-31 16:30:21.994774,121839170,29.68,2
2,2026-05-31 16:30:29.606522,121839170,24.14,2
3,2026-05-31 16:30:34.278414,121839170,23.95,2
0,2026-05-31 16:30:37.703718,1218496122,-8.5,1
sequence,2026-05-31 16:30:37.908546,0,0
OPEN,2026-05-31 16:31:07.909453,0,0
0,2026-05-31 16:31:11.859321,121839170,24.26,2
1,2026-05-31 16:31:20.549441,121839170,24.12,2
2,2026-05-31 16:31:24.927071,121839170,34.35,2
OPEN,2026-05-31 16:31:44.927489,0,0
0,2026-05-31 16:31:47.639222,121839170,22.91,2
0,2026-05-31 16:31:48.628973,1218496122,8.0,1
1,2026-05-31 16:31:54.042450,121839170,23.86,2
start Lindzey,2026-05-31 16:31:58.856409,0,0
2,2026-05-31 16:31:59.534395,121839170,25.36,2
3,2026-05-31 16:32:34.837814,121839170,24.15,2
4,2026-05-31 16:32:43.831757,1218496122,20.51,2
followerB,2026-05-31 16:32:44.036259,0,0
End Lindzey,2026-05-31 16:32:54.038144,0,0
OPEN,2026-05-31 16:33:04.038474,0,0
0,2026-05-31 16:33:11.707103,121839170,22.98,2
OPEN,2026-05-31 16:33:31.707622,0,0
0,2026-05-31 16:33:44.183553,1218496122,16.76,2
OPEN,2026-05-31 16:34:05.023010,0,0
0,2026-05-31 16:34:06.822617,1218496122,-3.95,1
0,2026-05-31 16:34:07.208314,121839170,24.77,2
1,2026-05-31 16:34:08.024752,1218496122,-42.98,1
1,2026-05-31 16:34:09.364311,121839170,24.6,2
start Lindzey,2026-05-31 16:34:09.739685,0,0
2,2026-05-31 16:34:15.375495,121839170,25.76,2
3,2026-05-31 16:34:18.576954,121839170,23.03,2
2,2026-05-31 16:34:32.636570,1218496122,-2.57,1
3,2026-05-31 16:34:39.547081,121839170,-17.38,1
End Lindzey,2026-05-31 16:34:49.750628,0,0
OPEN,2026-05-31 16:34:59.751030,0,0
0,2026-05-31 16:35:04.500066,121839170,23.89,1
1,2026-05-31 16:35:07.762719,121839170,25.26,1
0,2026-05-31 16:35:14.574958,121839170,8.77,2
solo,2026-05-31 16:35:14.780302,0,0
OPEN,2026-05-31 16:35:34.781119,0,0
0,2026-05-31 16:35:38.417679,121839170,24.91,2
OPEN,2026-05-31 16:36:22.557674,0,0
0,2026-05-31 16:36:24.497351,121839170,24.44,1
OPEN,2026-05-31 16:36:45.228691,0,0
0,2026-05-31 16:36:53.418461,1218496122,3.13,1
0,2026-05-31 16:36:56.608973,121839170,24.47,2
1,2026-05-31 16:37:02.456659,121839170,24.37,2
start Lindzey,2026-05-31 16:37:03.341799,0,0
2,2026-05-31 16:37:03.698065,121839170,23.31,2
3,2026-05-31 16:37:13.304511,1218496122,34.61,2
followerB,2026-05-31 16:37:13.507781,0,0
End Lindzey,2026-05-31 16:37:23.509757,0,0
OPEN,2026-05-31 16:37:33.510172,0,0
0,2026-05-31 16:37:35.614404,121839170,24.96,2
OPEN,2026-05-31 16:37:55.614737,0,0
0,2026-05-31 16:37:57.469638,121836132,14.33,2
1,2026-05-31 16:37:59.049068,1218496122,29.26,2
0,2026-05-31 16:38:06.799721,121836132,-57.46,1
sequence,2026-05-31 16:38:07.004162,0,0
1,2026-05-31 16:38:10.555220,1218496122,-0.64,1
2,2026-05-31 16:38:12.140612,1218496122,-53.16,1
3,2026-05-31 16:38:21.582629,1218496122,25.03,1
OPEN,2026-05-31 16:38:41.787642,0,0
0,2026-05-31 16:39:06.581879,121836132,8.37,1
0,2026-05-31 16:39:14.914415,121836132,10.56,2
solo,2026-05-31 16:39:15.118843,0,0
1,2026-05-31 16:39:18.168838,121836132,21.49,2
OPEN,2026-05-31 16:39:38.372766,0,0
0,2026-05-31 16:39:44.113265,121836132,20.33,2
0,2026-05-31 16:39:47.200107,121839170,24.51,1
start Lindzey,2026-05-31 16:39:47.822158,0,0
1,2026-05-31 16:39:52.369813,121839170,24.18,1
2,2026-05-31 16:39:55.309153,121836132,26.82,1
3,2026-05-31 16:39:58.213107,121836132,24.55,1
4,2026-05-31 16:39:59.025896,121839170,67.84,1
5,2026-05-31 16:39:59.974803,121836132,24.39,1
6,2026-05-31 16:40:02.386616,121839170,21.79,1
1,2026-05-31 16:40:14.471608,121836132,-4.57,2
2,2026-05-31 16:40:16.158066,121839170,20.87,2
followerB,2026-05-31 16:40:16.362494,0,0
End Lindzey,2026-05-31 16:40:26.364499,0,0
OPEN,2026-05-31 16:40:36.364971,0,0
0,2026-05-31 16:40:44.370715,121839170,24.41,2
1,2026-05-31 16:40:49.367660,121836132,25.47,2
followerB,2026-05-31 16:40:49.572401,0,0
sequence,2026-05-31 16:40:50.725520,0,0
0,2026-05-31 16:40:54.047731,121839170,-28.21,1
1,2026-05-31 16:40:56.372370,121836132,-69.56,1
OPEN,2026-05-31 16:41:16.576656,0,0
0,2026-05-31 16:41:33.296318,121839170,24.88,1
0,2026-05-31 16:41:37.911958,121839170,17.1,2
solo,2026-05-31 16:41:38.115641,0,0
OPEN,2026-05-31 16:41:58.116389,0,0
0,2026-05-31 16:44:50.041337,121836132,-9.51,1
0,2026-05-31 16:44:54.925334,121836132,6.3,2
solo,2026-05-31 16:44:55.132052,0,0
OPEN,2026-05-31 16:45:15.132721,0,0
0,2026-05-31 16:45:16.491946,121836132,20.74,2
0,2026-05-31 16:45:26.016008,121836132,-40.93,1
solo,2026-05-31 16:45:26.220534,0,0
OPEN,2026-05-31 16:45:46.221275,0,0
0,2026-05-31 16:45:47.360856,121839170,25.19,2
0,2026-05-31 16:45:51.946478,121839170,-13.46,1
solo,2026-05-31 16:45:52.150673,0,0
OPEN,2026-05-31 16:46:12.151292,0,0
0,2026-05-31 16:48:33.303912,121836132,-0.01,1
0,2026-05-31 16:48:37.672569,121836132,6.27,2
solo,2026-05-31 16:48:37.876688,0,0
OPEN,2026-05-31 16:48:57.877355,0,0
0,2026-05-31 16:52:50.872151,121839170,24.81,1
0,2026-05-31 16:52:53.817955,121839170,7.71,2
solo,2026-05-31 16:52:54.023513,0,0
OPEN,2026-05-31 16:53:14.024172,0,0
0,2026-05-31 16:53:15.714273,121836132,20.78,2
0,2026-05-31 16:53:20.497631,121836132,-48.55,1
solo,2026-05-31 16:53:20.701768,0,0
OPEN,2026-05-31 16:53:40.702576,0,0
0,2026-05-31 17:01:25.298835,121839170,25.59,2
0,2026-05-31 17:01:29.603754,121839170,-11.87,1
solo,2026-05-31 17:01:29.807500,0,0
OPEN,2026-05-31 17:01:49.808101,0,0
0,2026-05-31 17:04:39.403399,121836132,-3.76,1
0,2026-05-31 17:04:46.290935,121836132,9.24,2
solo,2026-05-31 17:04:46.494500,0,0
OPEN,2026-05-31 17:05:06.495163,0,0
0,2026-05-31 17:05:45.714640,121839170,24.26,1
0,2026-05-31 17:05:51.118784,121839170,5.72,2
solo,2026-05-31 17:05:51.324311,0,0
OPEN,2026-05-31 17:06:11.324970,0,0
0,2026-05-31 17:06:15.135961,121839170,24.66,2
0,2026-05-31 17:06:19.883622,121839170,-19.15,1
solo,2026-05-31 17:06:20.086994,0,0
OPEN,2026-05-31 17:06:40.087649,0,0
0,2026-05-31 17:11:00.697498,121839170,24.81,1
0,2026-05-31 17:11:07.148450,121839170,5.34,2
solo,2026-05-31 17:11:07.353637,0,0
OPEN,2026-05-31 17:11:27.354387,0,0
0,2026-05-31 17:11:58.295671,121836132,22.3,2
0,2026-05-31 17:12:05.491701,121836132,-32.16,1
solo,2026-05-31 17:12:05.694736,0,0
OPEN,2026-05-31 17:12:25.695477,0,0
0,2026-05-31 17:13:50.505300,121836132,-1.25,1
0,2026-05-31 17:13:59.066245,121836132,9.85,2
solo,2026-05-31 17:13:59.271883,0,0
OPEN,2026-05-31 17:14:19.272568,0,0
0,2026-05-31 17:14:35.311764,121836132,22.23,2
0,2026-05-31 17:14:42.291037,121836132,-74.0,1
solo,2026-05-31 17:14:42.495944,0,0
OPEN,2026-05-31 17:15:02.496599,0,0
0,2026-05-31 17:16:42.233970,121836132,15.57,1
0,2026-05-31 17:16:45.622549,121836132,2.24,2
solo,2026-05-31 17:16:45.827578,0,0
OPEN,2026-05-31 17:17:05.828327,0,0
0,2026-05-31 17:17:34.021161,121836132,22.11,2
0,2026-05-31 17:17:37.997888,121836132,-17.92,1
solo,2026-05-31 17:17:38.202387,0,0
OPEN,2026-05-31 17:17:58.203183,0,0
0,2026-05-31 17:18:45.231779,121839170,25.34,2
0,2026-05-31 17:18:49.831061,121839170,-33.78,1
solo,2026-05-31 17:18:50.036192,0,0
OPEN,2026-05-31 17:19:10.036826,0,0
0,2026-05-31 17:19:18.368117,121836132,9.26,1
0,2026-05-31 17:19:26.500740,121836132,9.72,2
solo,2026-05-31 17:19:26.705659,0,0
OPEN,2026-05-31 17:19:46.706411,0,0
0,2026-05-31 17:19:50.353434,121836132,13.59,2
0,2026-05-31 17:19:53.443703,121839170,24.5,1
start Lindzey,2026-05-31 17:19:54.466913,0,0
1,2026-05-31 17:19:58.765996,121839170,22.33,2
followerB,2026-05-31 17:19:58.971517,0,0
End Lindzey,2026-05-31 17:20:08.973833,0,0
OPEN,2026-05-31 17:20:18.974160,0,0
0,2026-05-31 17:20:24.403521,121836132,22.24,2
0,2026-05-31 17:20:57.214918,121836132,-2.03,1
solo,2026-05-31 17:20:57.418712,0,0
1,2026-05-31 17:20:58.775912,121836132,-61.05,1
OPEN,2026-05-31 17:21:18.981634,0,0
0,2026-05-31 17:21:20.524657,121836132,1.1,1
0,2026-05-31 17:21:29.765164,121836132,9.85,2
solo,2026-05-31 17:21:29.969365,0,0
OPEN,2026-05-31 17:21:49.970174,0,0
0,2026-05-31 17:21:57.837782,121836132,22.02,2
0,2026-05-31 17:22:08.987125,121836132,-43.42,1
solo,2026-05-31 17:22:09.191850,0,0
OPEN,2026-05-31 17:22:29.192451,0,0
0,2026-05-31 17:22:33.349296,121836132,1.72,1
0,2026-05-31 17:22:42.431467,121836132,10.4,2
solo,2026-05-31 17:22:42.636113,0,0
OPEN,2026-05-31 17:23:02.636785,0,0
0,2026-05-31 17:23:19.242185,121836132,21.82,2
0,2026-05-31 17:23:42.534086,121836132,-54.78,1
solo,2026-05-31 17:23:42.738495,0,0
OPEN,2026-05-31 17:24:02.739135,0,0
0,2026-05-31 17:24:04.562876,121836132,-6.37,1
0,2026-05-31 17:24:10.399782,121836132,4.6,2
solo,2026-05-31 17:24:10.603431,0,0
1,2026-05-31 17:24:12.641264,121836132,22.44,2
OPEN,2026-05-31 17:24:32.846005,0,0
0,2026-05-31 17:24:42.174739,121839170,25.02,2
OPEN,2026-05-31 17:25:16.992658,0,0
0,2026-05-31 17:25:21.293562,121839170,24.74,1
1,2026-05-31 17:25:23.643238,121839170,24.63,1
2,2026-05-31 17:25:27.101457,121839170,16.66,1
3,2026-05-31 17:25:28.537001,121839170,22.54,1
OPEN,2026-05-31 17:25:49.069713,0,0
0,2026-05-31 17:25:57.468395,121839170,24.8,2
0,2026-05-31 17:26:03.415092,121839170,-23.91,1
solo,2026-05-31 17:26:03.619652,0,0
OPEN,2026-05-31 17:26:23.620375,0,0
0,2026-05-31 17:26:32.908071,121839170,25.63,1
0,2026-05-31 17:26:38.192910,121839170,8.42,2
solo,2026-05-31 17:26:38.396299,0,0
OPEN,2026-05-31 17:26:58.397050,0,0
0,2026-05-31 17:27:00.764974,121839170,23.9,2
1,2026-05-31 17:27:06.348669,121839170,21.9,2
2,2026-05-31 17:27:11.314634,121839170,25.23,2
OPEN,2026-05-31 17:27:37.298076,0,0
0,2026-05-31 17:27:57.654610,121839170,24.54,1
1,2026-05-31 17:27:59.612812,121839170,24.37,1
2,2026-05-31 17:28:01.309410,121839170,32.39,1
0,2026-05-31 17:28:08.710248,121839170,12.17,2
solo,2026-05-31 17:28:12.180483,0,0
OPEN,2026-05-31 17:28:32.181223,0,0
0,2026-05-31 17:28:34.099150,121839170,25.37,2
0,2026-05-31 17:28:51.118029,121839170,-10.13,1
solo,2026-05-31 17:28:51.322414,0,0
OPEN,2026-05-31 17:29:11.323139,0,0
0,2026-05-31 17:29:14.440336,121836132,17.53,2
0,2026-05-31 17:29:32.229981,121836132,-8.42,1
solo,2026-05-31 17:29:32.434494,0,0
OPEN,2026-05-31 17:29:52.435268,0,0
0,2026-05-31 17:31:15.382907,121836132,-8.96,1
1,2026-05-31 17:31:19.280213,121839170,25.17,1
followerA,2026-05-31 17:31:19.483713,0,0
sequence,2026-05-31 17:31:24.742861,0,0
0,2026-05-31 17:31:30.775212,121836132,13.1,2
1,2026-05-31 17:31:32.609055,121839170,14.44,2
followerB,2026-05-31 17:31:32.812836,0,0
OPEN,2026-05-31 17:31:52.815050,0,0
0,2026-05-31 17:31:57.964707,121839170,23.58,2
1,2026-05-31 17:32:00.814021,121836132,26.16,2
0,2026-05-31 17:32:38.121462,121839170,-30.36,1
sequence,2026-05-31 17:32:38.325792,0,0
1,2026-05-31 17:32:45.475199,121836132,-73.26,1
OPEN,2026-05-31 17:33:05.678964,0,0
0,2026-05-31 17:33:38.134641,121836132,-0.41,1
0,2026-05-31 17:33:44.509106,121836132,10.44,2
solo,2026-05-31 17:33:44.713155,0,0
OPEN,2026-05-31 17:34:04.713860,0,0
0,2026-05-31 17:37:32.819104,121836132,21.55,2
0,2026-05-31 17:37:40.079033,121836132,-62.63,1
solo,2026-05-31 17:37:40.282268,0,0
OPEN,2026-05-31 17:38:00.283014,0,0
0,2026-05-31 17:38:14.597925,12186133157,-11.27,1
0,2026-05-31 17:38:20.903768,12186133157,6.8,2
solo,2026-05-31 17:38:21.108981,0,0
OPEN,2026-05-31 17:38:41.109656,0,0
0,2026-05-31 17:38:56.832616,12186133157,24.71,2
0,2026-05-31 17:39:02.478759,12186133157,-87.99,1
solo,2026-05-31 17:39:02.683599,0,0
OPEN,2026-05-31 17:39:22.684369,0,0
0,2026-05-31 17:39:27.091229,121859271,14.13,1
1,2026-05-31 17:39:28.646927,121839170,27.0,1
followerA,2026-05-31 17:39:28.851538,0,0
sequence,2026-05-31 17:39:29.181475,0,0
0,2026-05-31 17:39:31.265065,121859271,2.87,2
1,2026-05-31 17:39:32.484111,121839170,19.87,2
followerB,2026-05-31 17:39:32.687547,0,0
OPEN,2026-05-31 17:39:52.689784,0,0
0,2026-05-31 17:39:54.692689,121839170,24.58,2
0,2026-05-31 17:40:04.166585,121839170,-22.43,1
solo,2026-05-31 17:40:04.370294,0,0
OPEN,2026-05-31 17:40:24.370966,0,0
0,2026-05-31 17:40:43.588682,1218496122,11.11,1
0,2026-05-31 17:40:54.349713,1218496122,8.61,2
solo,2026-05-31 17:40:54.556773,0,0
OPEN,2026-05-31 17:41:14.557406,0,0
0,2026-05-31 17:42:05.777101,121859271,23.73,2
0,2026-05-31 17:42:11.027993,121859271,-9.74,1
solo,2026-05-31 17:42:11.231115,0,0
OPEN,2026-05-31 17:42:31.231858,0,0
0,2026-05-31 17:43:06.777555,121836132,12.17,1
0,2026-05-31 17:43:12.116137,121836132,9.09,2
solo,2026-05-31 17:43:12.320848,0,0
OPEN,2026-05-31 17:43:32.321507,0,0
0,2026-05-31 17:43:55.696304,12186133157,3.59,1
0,2026-05-31 17:43:58.876511,12186133157,20.38,2
solo,2026-05-31 17:43:59.080222,0,0
OPEN,2026-05-31 17:44:19.080882,0,0
0,2026-05-31 17:44:48.485238,121836132,22.49,2
0,2026-05-31 17:44:53.475599,121836132,-61.23,1
solo,2026-05-31 17:44:53.679703,0,0
OPEN,2026-05-31 17:45:13.680465,0,0
0,2026-05-31 17:46:24.543338,12186133157,25.15,2
0,2026-05-31 17:46:27.482393,12186133157,-12.55,1
solo,2026-05-31 17:46:27.686382,0,0
OPEN,2026-05-31 17:46:47.686977,0,0
0,2026-05-31 17:47:10.262791,121839170,24.7,1
0,2026-05-31 17:47:14.407352,121839170,16.71,2
solo,2026-05-31 17:47:14.612557,0,0
OPEN,2026-05-31 17:47:34.613389,0,0
0,2026-05-31 17:47:42.007878,12186133157,21.54,1
0,2026-05-31 17:47:44.818340,12186133157,21.79,2
solo,2026-05-31 17:47:45.022824,0,0
OPEN,2026-05-31 17:48:05.023511,0,0
0,2026-05-31 17:48:49.212242,121859271,23.19,1
0,2026-05-31 17:48:50.034793,12186133157,23.18,2
start Lindzey,2026-05-31 17:48:50.754998,0,0
1,2026-05-31 17:48:52.861976,12186133157,21.45,2
2,2026-05-31 17:48:55.750984,121859271,38.87,2
followerB,2026-05-31 17:48:55.956255,0,0
End Lindzey,2026-05-31 17:49:05.958472,0,0
OPEN,2026-05-31 17:49:15.958868,0,0
0,2026-05-31 17:49:39.156718,121836132,-0.15,1
OPEN,2026-05-31 17:50:02.657514,0,0
0,2026-05-31 17:50:07.371002,121836132,22.42,2
0,2026-05-31 17:50:17.093703,121836132,-4.81,1
solo,2026-05-31 17:50:17.296943,0,0
OPEN,2026-05-31 17:50:37.297519,0,0
0,2026-05-31 17:50:41.014315,1218496122,22.5,2
1,2026-05-31 17:50:42.039034,12186133157,25.52,2
0,2026-05-31 17:50:45.107633,1218496122,-4.49,1
sequence,2026-05-31 17:50:45.311130,0,0
1,2026-05-31 17:50:48.765863,12186133157,-97.01,1
OPEN,2026-05-31 17:51:08.969824,0,0
0,2026-05-31 17:51:13.907613,121859271,24.7,2
0,2026-05-31 17:51:18.450505,121859271,-17.48,1
solo,2026-05-31 17:51:18.654878,0,0
OPEN,2026-05-31 17:51:38.655542,0,0
0,2026-05-31 17:52:42.604262,121839170,25.54,2
0,2026-05-31 17:52:48.736496,121839170,-17.53,1
solo,2026-05-31 17:52:48.940523,0,0
OPEN,2026-05-31 17:53:08.941536,0,0
0,2026-05-31 17:57:12.674743,121839170,23.92,1
0,2026-05-31 17:57:18.283931,121839170,7.2,2
solo,2026-05-31 17:57:18.489960,0,0
OPEN,2026-05-31 17:57:38.490578,0,0
0,2026-05-31 17:57:43.077110,12186133157,-0.06,1
0,2026-05-31 17:57:47.180282,12186133157,21.89,2
solo,2026-05-31 17:57:47.385094,0,0
OPEN,2026-05-31 17:58:07.385865,0,0
0,2026-05-31 17:58:09.268343,121836132,14.29,1
0,2026-05-31 17:58:09.900898,121839170,25.1,2
start Lindzey,2026-05-31 17:58:10.146669,0,0
1,2026-05-31 17:58:31.013609,121839170,19.98,2
2,2026-05-31 17:58:47.082471,121836132,17.97,2
followerB,2026-05-31 17:58:47.287474,0,0
End Lindzey,2026-05-31 17:58:57.289868,0,0
OPEN,2026-05-31 17:59:07.290218,0,0
0,2026-05-31 17:59:23.987445,121839170,24.79,2
1,2026-05-31 17:59:25.460099,121839170,23.85,2
2,2026-05-31 17:59:32.449770,121839170,17.65,2
3,2026-05-31 17:59:36.298142,121839170,24.89,2
OPEN,2026-05-31 18:00:25.191575,0,0
0,2026-05-31 18:00:33.213885,12186133157,20.68,2
0,2026-05-31 18:00:40.725498,12186133157,-67.14,1
solo,2026-05-31 18:00:40.929152,0,0
OPEN,2026-05-31 18:01:00.929956,0,0
0,2026-05-31 18:01:59.428754,12186133157,2.74,1
0,2026-05-31 18:02:02.975856,12186133157,6.66,2
solo,2026-05-31 18:02:03.180356,0,0
OPEN,2026-05-31 18:02:23.181058,0,0
0,2026-05-31 18:04:09.182562,12186133157,23.93,2
0,2026-05-31 18:04:13.817277,12186133157,-103.41,1
solo,2026-05-31 18:04:14.020335,0,0
OPEN,2026-05-31 18:04:34.021058,0,0
0,2026-05-31 18:05:34.528577,121836132,21.93,2
0,2026-05-31 18:05:39.239235,121836132,-36.87,1
solo,2026-05-31 18:05:39.443373,0,0
OPEN,2026-05-31 18:05:59.444153,0,0
0,2026-05-31 18:06:02.583130,121839170,7.52,1
1,2026-05-31 18:06:03.523264,12186133157,11.79,1
followerA,2026-05-31 18:06:03.726418,0,0
sequence,2026-05-31 18:06:04.133300,0,0
0,2026-05-31 18:06:07.585500,121839170,2.53,2
1,2026-05-31 18:06:09.059726,12186133157,28.12,2
followerB,2026-05-31 18:06:09.265026,0,0
OPEN,2026-05-31 18:06:29.267864,0,0
0,2026-05-31 18:06:31.588592,12186133157,22.65,2
0,2026-05-31 18:06:43.472258,12186133157,-33.9,1
solo,2026-05-31 18:06:43.676592,0,0
OPEN,2026-05-31 18:07:03.677425,0,0
0,2026-05-31 18:07:44.853786,121839170,24.9,2
0,2026-05-31 18:07:50.991304,121839170,-16.21,1
solo,2026-05-31 18:07:51.195244,0,0
OPEN,2026-05-31 18:08:11.195925,0,0
0,2026-05-31 18:08:59.863499,121836132,7.01,1
0,2026-05-31 18:09:03.605407,121836132,5.85,2
solo,2026-05-31 18:09:03.809211,0,0
OPEN,2026-05-31 18:09:23.809791,0,0
0,2026-05-31 18:11:20.698829,121839170,25.35,1
0,2026-05-31 18:11:26.171946,121839170,8.5,2
solo,2026-05-31 18:11:26.376345,0,0
